,Scenario,Trial,Seed,Alpha,Beta,Gamma,Drones,Victims
0,RandomFixed,1,880879381715801850,0.0,0.1,0,32,117
1,RandomFixed,2,1726760884372734954,0.0,0.1,0,32,124
2,RandomFixed,3,4258223208824758363,0.0,0.1,0,32,115
3,RandomFixed,4,2933576904639372249,0.0,0.1,0,32,121
4,RandomFixed,5,1619482046725515514,0.0,0.1,0,32,124
5,RandomFixed,6,8295202924942681088,0.0,0.1,0,32,117
6,RandomFixed,7,6220178296303381513,0.0,0.1,0,32,117
7,RandomFixed,8,6524421527956593628,0.0,0.1,0,32,103
8,RandomFixed,9,1279641774440027009,0.0,0.1,0,32,104
9,RandomFixed,10,7094737511858396355,0.0,0.1,0,32,124
10,RandomFixed,11,7842193693029557975,0.0,0.2,0,32,190
11,RandomFixed,12,2392680491109428476,0.0,0.2,0,31,153
12,RandomFixed,13,3866198558357324097,0.0,0.2,0,32,178
13,RandomFixed,14,1395931845597272999,0.0,0.2,0,32,180
14,RandomFixed,15,2411645404100907887,0.0,0.2,0,32,168
15,RandomFixed,16,3005318628866213391,0.0,0.2,0,32,170
16,RandomFixed,17,1188136200599286222,0.0,0.2,0,32,187
17,RandomFixed,18,679805008651456991,0.0,0.2,0,32,190
18,RandomFixed,19,2317393341493435360,0.0,0.2,0,32,167
19,RandomFixed,20,4066160913880139597,0.0,0.2,0,32,187
20,RandomFixed,21,7584476204436865402,0.0,0.3,0,32,210
21,RandomFixed,22,2765986266126801683,0.0,0.3,0,32,258
22,RandomFixed,23,1245205721442045905,0.0,0.3,0,32,206
23,RandomFixed,24,2161808154937950825,0.0,0.3,0,32,205
24,RandomFixed,25,8239593692986775203,0.0,0.3,0,32,223
25,RandomFixed,26,2284277258169696329,0.0,0.3,0,32,237
26,RandomFixed,27,2440163239998970881,0.0,0.3,0,32,238
27,RandomFixed,28,4360914781284868792,0.0,0.3,0,32,221
28,RandomFixed,29,3630507381476877187,0.0,0.3,0,32,262
29,RandomFixed,30,8803386724306231915,0.0,0.3,0,32,226
30,RandomFixed,31,529416144729368175,0.0,0.4,0,32,277
31,RandomFixed,32,3302916424407910745,0.0,0.4,0,31,283
32,RandomFixed,33,7270368722021683965,0.0,0.4,0,32,267
33,RandomFixed,34,787977187255625337,0.0,0.4,0,31,252
34,RandomFixed,35,8673779154507073718,0.0,0.4,0,32,253
35,RandomFixed,36,2907446571418917920,0.0,0.4,0,32,251
36,RandomFixed,37,7769491283369387324,0.0,0.4,0,32,228
37,RandomFixed,38,122077049887370444,0.0,0.4,0,32,280
38,RandomFixed,39,2587391191269711529,0.0,0.4,0,32,294
39,RandomFixed,40,5112413900561284087,0.0,0.4,0,32,265
40,RandomFixed,41,8909426792926036062,0.0,0.5,0,32,283
41,RandomFixed,42,5467837947904757478,0.0,0.5,0,32,298
42,RandomFixed,43,4323965874383714557,0.0,0.5,0,32,285
43,RandomFixed,44,4014707725544663938,0.0,0.5,0,32,272
44,RandomFixed,45,7923196244295401981,0.0,0.5,0,32,310
45,RandomFixed,46,4396924318845862625,0.0,0.5,0,32,303
46,RandomFixed,47,8227237384670574107,0.0,0.5,0,32,304
47,RandomFixed,48,3151921114294514948,0.0,0.5,0,32,305
48,RandomFixed,49,8326381495796212454,0.0,0.5,0,32,295
49,RandomFixed,50,2023882813118053516,0.0,0.5,0,32,280
50,RandomFixed,51,4147193246553292593,0.0,0.6,0,32,362
51,RandomFixed,52,2044415532737913891,0.0,0.6,0,32,330
52,RandomFixed,53,2611022133476534924,0.0,0.6,0,32,354
53,RandomFixed,54,8036839688833032857,0.0,0.6,0,32,340
54,RandomFixed,55,8267778711096569100,0.0,0.6,0,32,328
55,RandomFixed,56,8012970576373185931,0.0,0.6,0,32,322
56,RandomFixed,57,4333162774557503791,0.0,0.6,0,32,336
57,RandomFixed,58,6684107978673260553,0.0,0.6,0,32,340
58,RandomFixed,59,5533786115979160249,0.0,0.6,0,32,328
59,RandomFixed,60,2159221944099802802,0.0,0.6,0,32,350
60,RandomFixed,61,7771862992547174936,0.0,0.7,0,31,310
61,RandomFixed,62,5922645555022229460,0.0,0.7,0,32,339
62,RandomFixed,63,2176879634217948794,0.0,0.7,0,32,336
63,RandomFixed,64,5077380910847103461,0.0,0.7,0,32,340
64,RandomFixed,65,918820051915654654,0.0,0.7,0,31,338
65,RandomFixed,66,7937091323527244276,0.0,0.7,0,32,368
66,RandomFixed,67,7420433426593050270,0.0,0.7,0,32,352
67,RandomFixed,68,1316503054109710340,0.0,0.7,0,32,352
68,RandomFixed,69,5089406937748441115,0.0,0.7,0,32,386
69,RandomFixed,70,6518512397515596896,0.0,0.7,0,31,359
70,RandomFixed,71,2613774745543636911,0.0,0.8,0,32,366
71,RandomFixed,72,8892203501256106077,0.0,0.8,0,32,330
72,RandomFixed,73,7152306132091978418,0.0,0.8,0,32,385
73,RandomFixed,74,1085336730471938234,0.0,0.8,0,32,387
74,RandomFixed,75,7180686553944535862,0.0,0.8,0,32,406
75,RandomFixed,76,8067774778066009292,0.0,0.8,0,32,370
76,RandomFixed,77,5415241820693545611,0.0,0.8,0,31,366
77,RandomFixed,78,8347618600200452282,0.0,0.8,0,32,412
78,RandomFixed,79,8314260696208637498,0.0,0.8,0,32,362
79,RandomFixed,80,6231928643181144428,0.0,0.8,0,32,394
80,RandomFixed,81,6726036384798479501,0.0,0.9,0,32,373
81,RandomFixed,82,7850228651115550894,0.0,0.9,0,32,387
82,RandomFixed,83,1435315546960868936,0.0,0.9,0,32,382
83,RandomFixed,84,7910028235613076763,0.0,0.9,0,32,418
84,RandomFixed,85,3648578845013148747,0.0,0.9,0,32,378
85,RandomFixed,86,4360616670248410551,0.0,0.9,0,32,359
86,RandomFixed,87,1967146709294496626,0.0,0.9,0,32,387
87,RandomFixed,88,5544519997493579024,0.0,0.9,0,32,411
88,RandomFixed,89,8457728813143501131,0.0,0.9,0,32,419
89,RandomFixed,90,6376101120045082080,0.0,0.9,0,32,395
90,RandomFixed,91,7909214542224020798,0.0,1.0,0,32,361
91,RandomFixed,92,3842674347991993996,0.0,1.0,0,32,391
92,RandomFixed,93,1796160489603231124,0.0,1.0,0,32,398
93,RandomFixed,94,6225431315032175363,0.0,1.0,0,32,390
94,RandomFixed,95,6988013564169465681,0.0,1.0,0,31,417
95,RandomFixed,96,7289755218735189402,0.0,1.0,0,32,416
96,RandomFixed,97,1223023882101116390,0.0,1.0,0,31,424
97,RandomFixed,98,1872217177666212782,0.0,1.0,0,32,425
98,RandomFixed,99,649294613152767581,0.0,1.0,0,32,432
99,RandomFixed,100,1060518134331528449,0.0,1.0,0,32,438
100,RandomFixed,101,2730769366622846191,0.1,0.1,0,31,124
101,RandomFixed,102,8122135727775352591,0.1,0.1,0,31,101
102,RandomFixed,103,6408208360066876943,0.1,0.1,0,32,86
103,RandomFixed,104,7352277596418142374,0.1,0.1,0,32,121
104,RandomFixed,105,5117226961052674361,0.1,0.1,0,32,108
105,RandomFixed,106,4588890379691784188,0.1,0.1,0,32,121
106,RandomFixed,107,6459015322564901664,0.1,0.1,0,32,99
107,RandomFixed,108,7837221478937801090,0.1,0.1,0,32,108
108,RandomFixed,109,3827705389464461497,0.1,0.1,0,32,117
109,RandomFixed,110,3406450873903873254,0.1,0.1,0,32,110
110,RandomFixed,111,6620002322455467055,0.1,0.2,0,32,165
111,RandomFixed,112,6739882615604243062,0.1,0.2,0,32,172
112,RandomFixed,113,4018421906208245931,0.1,0.2,0,32,165
113,RandomFixed,114,5375588602576824032,0.1,0.2,0,32,190
114,RandomFixed,115,6418971901351527182,0.1,0.2,0,32,165
115,RandomFixed,116,6995636730645982927,0.1,0.2,0,32,177
116,RandomFixed,117,8341824957984577980,0.1,0.2,0,32,196
117,RandomFixed,118,257079357768246090,0.1,0.2,0,32,165
118,RandomFixed,119,8457442689693583145,0.1,0.2,0,32,172
119,RandomFixed,120,9214454362203808878,0.1,0.2,0,32,179
120,RandomFixed,121,9171226480073045500,0.1,0.3,0,32,226
121,RandomFixed,122,2124060430823971808,0.1,0.3,0,31,216
122,RandomFixed,123,7216859551928059389,0.1,0.3,0,32,206
123,RandomFixed,124,9095234008697279652,0.1,0.3,0,32,210
124,RandomFixed,125,1059637217287277730,0.1,0.3,0,32,218
125,RandomFixed,126,3810914654779374324,0.1,0.3,0,32,197
126,RandomFixed,127,7719565551173098335,0.1,0.3,0,32,192
127,RandomFixed,128,2534101954754249655,0.1,0.3,0,32,211
128,RandomFixed,129,6540218314516795143,0.1,0.3,0,32,219
129,RandomFixed,130,672300978698827014,0.1,0.3,0,32,232
130,RandomFixed,131,1962829301431012585,0.1,0.4,0,32,221
131,RandomFixed,132,2542084654357450284,0.1,0.4,0,32,234
132,RandomFixed,133,3531229301267406905,0.1,0.4,0,31,283
133,RandomFixed,134,8378617453138610642,0.1,0.4,0,32,262
134,RandomFixed,135,8031027381734740768,0.1,0.4,0,32,249
135,RandomFixed,136,1047251156505272932,0.1,0.4,0,32,267
136,RandomFixed,137,2005958320967276369,0.1,0.4,0,32,252
137,RandomFixed,138,5464963834076408523,0.1,0.4,0,32,256
138,RandomFixed,139,6442468486730396666,0.1,0.4,0,32,258
139,RandomFixed,140,109273328195569226,0.1,0.4,0,32,270
140,RandomFixed,141,7733824596599250956,0.1,0.5,0,32,280
141,RandomFixed,142,2602023164120103366,0.1,0.5,0,32,321
142,RandomFixed,143,6497545248555003136,0.1,0.5,0,32,296
143,RandomFixed,144,3077512918265429185,0.1,0.5,0,32,290
144,RandomFixed,145,1389620245507613723,0.1,0.5,0,32,274
145,RandomFixed,146,6268070555262570014,0.1,0.5,0,32,297
146,RandomFixed,147,8200227211161936724,0.1,0.5,0,32,298
147,RandomFixed,148,5092823813517778092,0.1,0.5,0,32,293
148,RandomFixed,149,3496617180234168736,0.1,0.5,0,32,292
149,RandomFixed,150,3769731101031302901,0.1,0.5,0,32,262
150,RandomFixed,151,954833679586002047,0.1,0.6,0,32,329
151,RandomFixed,152,4888763064846781428,0.1,0.6,0,32,308
152,RandomFixed,153,7880114847791884481,0.1,0.6,0,32,305
153,RandomFixed,154,4749088980535929788,0.1,0.6,0,32,324
154,RandomFixed,155,5695027039419419313,0.1,0.6,0,32,310
155,RandomFixed,156,7943174764500911877,0.1,0.6,0,32,307
156,RandomFixed,157,8174067479055935690,0.1,0.6,0,32,286
157,RandomFixed,158,3865113870885019202,0.1,0.6,0,32,301
158,RandomFixed,159,6528186132392981334,0.1,0.6,0,32,332
159,RandomFixed,160,8404698173446956840,0.1,0.6,0,32,288
160,RandomFixed,161,8187700012616239606,0.1,0.7,0,32,339
161,RandomFixed,162,3318928503242620903,0.1,0.7,0,32,324
162,RandomFixed,163,7085711400601047923,0.1,0.7,0,32,341
163,RandomFixed,164,7058044015908501284,0.1,0.7,0,32,347
164,RandomFixed,165,7563606281499741513,0.1,0.7,0,32,353
165,RandomFixed,166,600843353781091780,0.1,0.7,0,32,327
166,RandomFixed,167,4787407419864783783,0.1,0.7,0,32,317
167,RandomFixed,168,6420692450223060829,0.1,0.7,0,30,323
168,RandomFixed,169,4464970138728589638,0.1,0.7,0,32,329
169,RandomFixed,170,909264836922789002,0.1,0.7,0,32,329
170,RandomFixed,171,2733823090465244602,0.1,0.8,0,32,314
171,RandomFixed,172,5383601446991952018,0.1,0.8,0,32,360
172,RandomFixed,173,9091560379711555457,0.1,0.8,0,32,384
173,RandomFixed,174,4710728677739279027,0.1,0.8,0,32,336
174,RandomFixed,175,4205491525364899648,0.1,0.8,0,31,346
175,RandomFixed,176,2432077068211482329,0.1,0.8,0,32,367
176,RandomFixed,177,455299189084130779,0.1,0.8,0,31,363
177,RandomFixed,178,3678243986514860643,0.1,0.8,0,32,342
178,RandomFixed,179,5423640104124516285,0.1,0.8,0,32,374
179,RandomFixed,180,2139371798559233283,0.1,0.8,0,32,309
180,RandomFixed,181,5176142403063481525,0.1,0.9,0,32,362
181,RandomFixed,182,5521752401712519901,0.1,0.9,0,32,380
182,RandomFixed,183,655434421111985216,0.1,0.9,0,32,358
183,RandomFixed,184,3679144574564880150,0.1,0.9,0,32,348
184,RandomFixed,185,1249626377873384283,0.1,0.9,0,32,353
185,RandomFixed,186,4340170923265994906,0.1,0.9,0,32,377
186,RandomFixed,187,876753517217412240,0.1,0.9,0,32,355
187,RandomFixed,188,3458463631975602722,0.1,0.9,0,31,354
188,RandomFixed,189,1427997768316631599,0.1,0.9,0,32,393
189,RandomFixed,190,7263551798212745421,0.1,0.9,0,32,345
190,RandomFixed,191,2030651451302478596,0.1,1.0,0,32,373
191,RandomFixed,192,3456042319539643762,0.1,1.0,0,31,376
192,RandomFixed,193,5736649696925697504,0.1,1.0,0,32,384
193,RandomFixed,194,2379736502422819557,0.1,1.0,0,32,373
194,RandomFixed,195,8026702388207288361,0.1,1.0,0,32,378
195,RandomFixed,196,4631659366466985036,0.1,1.0,0,32,367
196,RandomFixed,197,8270224062132954600,0.1,1.0,0,32,419
197,RandomFixed,198,8552376342900113499,0.1,1.0,0,32,383
198,RandomFixed,199,152947123140046072,0.1,1.0,0,32,385
199,RandomFixed,200,706081363747507326,0.1,1.0,0,32,371
200,RandomFixed,201,1856359794873058189,0.2,0.1,0,32,105
201,RandomFixed,202,313907204023053757,0.2,0.1,0,32,100
202,RandomFixed,203,5896113309828612422,0.2,0.1,0,32,107
203,RandomFixed,204,4103351277490823155,0.2,0.1,0,32,102
204,RandomFixed,205,5613369260043255298,0.2,0.1,0,32,91
205,RandomFixed,206,6992537685670534183,0.2,0.1,0,32,109
206,RandomFixed,207,1679151552138361553,0.2,0.1,0,32,99
207,RandomFixed,208,2037332026959816873,0.2,0.1,0,32,107
208,RandomFixed,209,3953736462020674701,0.2,0.1,0,32,110
209,RandomFixed,210,6624242745127537924,0.2,0.1,0,32,102
210,RandomFixed,211,2589152742943864254,0.2,0.2,0,32,198
211,RandomFixed,212,2079189932265565706,0.2,0.2,0,32,184
212,RandomFixed,213,5873142904309593133,0.2,0.2,0,32,178
213,RandomFixed,214,7301964270604554857,0.2,0.2,0,32,162
214,RandomFixed,215,4988174340014284201,0.2,0.2,0,31,152
215,RandomFixed,216,624077454437708897,0.2,0.2,0,32,137
216,RandomFixed,217,1099364587185578020,0.2,0.2,0,32,175
217,RandomFixed,218,5803252861480671798,0.2,0.2,0,32,151
218,RandomFixed,219,4079614979721967264,0.2,0.2,0,32,164
219,RandomFixed,220,3859614828665862824,0.2,0.2,0,32,170
220,RandomFixed,221,1296665181736411713,0.2,0.3,0,32,188
221,RandomFixed,222,8042505502727046590,0.2,0.3,0,32,221
222,RandomFixed,223,5766912149520929452,0.2,0.3,0,32,211
223,RandomFixed,224,4131800998260826138,0.2,0.3,0,32,218
224,RandomFixed,225,8074791954104090753,0.2,0.3,0,32,223
225,RandomFixed,226,4796725239296749199,0.2,0.3,0,32,203
226,RandomFixed,227,3511624105683441532,0.2,0.3,0,32,227
227,RandomFixed,228,3181658926387446050,0.2,0.3,0,32,205
228,RandomFixed,229,8973607959356784207,0.2,0.3,0,32,193
229,RandomFixed,230,6436531588695403043,0.2,0.3,0,32,223
230,RandomFixed,231,2329243079975484041,0.2,0.4,0,32,238
231,RandomFixed,232,8169382254816512636,0.2,0.4,0,31,244
232,RandomFixed,233,6492116527351215135,0.2,0.4,0,31,256
233,RandomFixed,234,2141391691694383916,0.2,0.4,0,32,230
234,RandomFixed,235,2633207760111996412,0.2,0.4,0,32,242
235,RandomFixed,236,4509562312192035987,0.2,0.4,0,32,257
236,RandomFixed,237,8706614259613481763,0.2,0.4,0,32,241
237,RandomFixed,238,7170219927765804742,0.2,0.4,0,32,241
238,RandomFixed,239,5326688317276302138,0.2,0.4,0,32,249
239,RandomFixed,240,9066226433941452459,0.2,0.4,0,32,261
240,RandomFixed,241,4715845269579204679,0.2,0.5,0,32,257
241,RandomFixed,242,8030067925643895143,0.2,0.5,0,31,291
242,RandomFixed,243,4814222517027440030,0.2,0.5,0,31,283
243,RandomFixed,244,2985930558814992716,0.2,0.5,0,32,290
244,RandomFixed,245,5755737505412411115,0.2,0.5,0,32,291
245,RandomFixed,246,8891555551451229278,0.2,0.5,0,32,279
246,RandomFixed,247,939644851175687749,0.2,0.5,0,31,233
247,RandomFixed,248,2298612814177645353,0.2,0.5,0,32,292
248,RandomFixed,249,9202480864707460381,0.2,0.5,0,32,281
249,RandomFixed,250,813325169670315887,0.2,0.5,0,32,280
250,RandomFixed,251,7985692780489776509,0.2,0.6,0,32,294
251,RandomFixed,252,5199822850747112348,0.2,0.6,0,32,279
252,RandomFixed,253,457715172785568006,0.2,0.6,0,32,281
253,RandomFixed,254,2769455377136720185,0.2,0.6,0,32,312
254,RandomFixed,255,6518727368059572521,0.2,0.6,0,32,294
255,RandomFixed,256,3723774642118381276,0.2,0.6,0,32,324
256,RandomFixed,257,4405906482560428757,0.2,0.6,0,32,294
257,RandomFixed,258,7949410287905318513,0.2,0.6,0,32,296
258,RandomFixed,259,5802491739971907610,0.2,0.6,0,32,291
259,RandomFixed,260,4326207713775288983,0.2,0.6,0,32,322
260,RandomFixed,261,3180785407387078187,0.2,0.7,0,32,262
261,RandomFixed,262,7322489242243178396,0.2,0.7,0,31,305
262,RandomFixed,263,4821370597557346852,0.2,0.7,0,32,305
263,RandomFixed,264,7305083383475389634,0.2,0.7,0,32,308
264,RandomFixed,265,3472834359385720331,0.2,0.7,0,32,325
265,RandomFixed,266,5203547491986175012,0.2,0.7,0,32,287
266,RandomFixed,267,6766523891884530524,0.2,0.7,0,32,311
267,RandomFixed,268,7883397171013672352,0.2,0.7,0,32,295
268,RandomFixed,269,8623593940741204403,0.2,0.7,0,32,321
269,RandomFixed,270,8541844554487635301,0.2,0.7,0,32,332
270,RandomFixed,271,6221917830304344647,0.2,0.8,0,32,349
271,RandomFixed,272,8488654481942791341,0.2,0.8,0,31,298
272,RandomFixed,273,938172078669506636,0.2,0.8,0,32,328
273,RandomFixed,274,2962987435553799822,0.2,0.8,0,31,301
274,RandomFixed,275,504657540667120685,0.2,0.8,0,32,322
275,RandomFixed,276,6570797443270219817,0.2,0.8,0,31,345
276,RandomFixed,277,8429449281105702028,0.2,0.8,0,32,344
277,RandomFixed,278,1311365982928013864,0.2,0.8,0,32,354
278,RandomFixed,279,2664213340178551584,0.2,0.8,0,32,327
279,RandomFixed,280,7472926988234010988,0.2,0.8,0,32,337
280,RandomFixed,281,2151359302443567117,0.2,0.9,0,32,325
281,RandomFixed,282,4867153265890549193,0.2,0.9,0,32,342
282,RandomFixed,283,114805942331177489,0.2,0.9,0,32,314
283,RandomFixed,284,4367438503205172825,0.2,0.9,0,32,351
284,RandomFixed,285,2814525721808531195,0.2,0.9,0,31,359
285,RandomFixed,286,1565768577495918403,0.2,0.9,0,31,328
286,RandomFixed,287,5308588981403769228,0.2,0.9,0,32,334
287,RandomFixed,288,4187905949259289504,0.2,0.9,0,32,298
288,RandomFixed,289,4567987904512003381,0.2,0.9,0,32,351
289,RandomFixed,290,1565881115335792582,0.2,0.9,0,32,328
290,RandomFixed,291,5545316277026782704,0.2,1.0,0,32,374
291,RandomFixed,292,840219462167799959,0.2,1.0,0,32,336
292,RandomFixed,293,3941061044718605196,0.2,1.0,0,32,335
293,RandomFixed,294,6624562759254639564,0.2,1.0,0,31,328
294,RandomFixed,295,9088859308973544547,0.2,1.0,0,31,370
295,RandomFixed,296,6645871984355682038,0.2,1.0,0,32,361
296,RandomFixed,297,8175437573352040525,0.2,1.0,0,32,347
297,RandomFixed,298,5130905997082700919,0.2,1.0,0,32,357
298,RandomFixed,299,7477738401410001484,0.2,1.0,0,32,377
299,RandomFixed,300,7033616355929056616,0.2,1.0,0,31,331
300,RandomFixed,301,922208844237524498,0.3,0.1,0,32,102
301,RandomFixed,302,7768124162366835046,0.3,0.1,0,32,92
302,RandomFixed,303,4559380390571441480,0.3,0.1,0,32,107
303,RandomFixed,304,6393191780575991499,0.3,0.1,0,32,90
304,RandomFixed,305,7805230771688118012,0.3,0.1,0,32,114
305,RandomFixed,306,1639100393963052597,0.3,0.1,0,32,101
306,RandomFixed,307,349844051253048601,0.3,0.1,0,32,99
307,RandomFixed,308,1553620311848477527,0.3,0.1,0,32,106
308,RandomFixed,309,1213286847067354892,0.3,0.1,0,32,99
309,RandomFixed,310,5287372879486051745,0.3,0.1,0,32,100
310,RandomFixed,311,5249648476825550687,0.3,0.2,0,32,163
311,RandomFixed,312,4188679389061845219,0.3,0.2,0,32,151
312,RandomFixed,313,7818976523469220854,0.3,0.2,0,31,137
313,RandomFixed,314,4278164578510082904,0.3,0.2,0,32,168
314,RandomFixed,315,1853738406702715889,0.3,0.2,0,32,160
315,RandomFixed,316,1295488389544427008,0.3,0.2,0,32,177
316,RandomFixed,317,624500816032626063,0.3,0.2,0,32,155
317,RandomFixed,318,7492019739295940,0.3,0.2,0,32,159
318,RandomFixed,319,6594857058348605476,0.3,0.2,0,32,144
319,RandomFixed,320,4813875763847496873,0.3,0.2,0,32,180
320,RandomFixed,321,2390922521825841269,0.3,0.3,0,32,217
321,RandomFixed,322,101710871646413039,0.3,0.3,0,32,216
322,RandomFixed,323,9083439969454915906,0.3,0.3,0,32,171
323,RandomFixed,324,2248949202350760288,0.3,0.3,0,32,205
324,RandomFixed,325,2372494616336579528,0.3,0.3,0,32,222
325,RandomFixed,326,5617975999539715749,0.3,0.3,0,32,193
326,RandomFixed,327,4264541438430570086,0.3,0.3,0,32,179
327,RandomFixed,328,5021766839772630604,0.3,0.3,0,32,178
328,RandomFixed,329,7992132141797357503,0.3,0.3,0,32,221
329,RandomFixed,330,8950338652763572614,0.3,0.3,0,32,196
330,RandomFixed,331,6762208406181912590,0.3,0.4,0,32,247
331,RandomFixed,332,1150955883229694880,0.3,0.4,0,32,239
332,RandomFixed,333,2874219775185638845,0.3,0.4,0,32,236
333,RandomFixed,334,6127809504895660051,0.3,0.4,0,32,208
334,RandomFixed,335,8533785014506584125,0.3,0.4,0,32,214
335,RandomFixed,336,4438428711338760446,0.3,0.4,0,32,208
336,RandomFixed,337,6908054213168585107,0.3,0.4,0,31,258
337,RandomFixed,338,2857523092265440165,0.3,0.4,0,32,224
338,RandomFixed,339,2951810841499329400,0.3,0.4,0,31,241
339,RandomFixed,340,8793527938888835035,0.3,0.4,0,32,266
340,RandomFixed,341,783840407364317466,0.3,0.5,0,32,270
341,RandomFixed,342,1402755388153681568,0.3,0.5,0,31,259
342,RandomFixed,343,5461290070803985105,0.3,0.5,0,32,274
343,RandomFixed,344,1394994547989404794,0.3,0.5,0,31,279
344,RandomFixed,345,83998976389199083,0.3,0.5,0,32,257
345,RandomFixed,346,5395660945651533544,0.3,0.5,0,32,252
346,RandomFixed,347,6876253408710295943,0.3,0.5,0,32,245
347,RandomFixed,348,6676445639835101630,0.3,0.5,0,32,258
348,RandomFixed,349,8183424657516646376,0.3,0.5,0,32,245
349,RandomFixed,350,3397970943769485360,0.3,0.5,0,32,258
350,RandomFixed,351,894664887883132753,0.3,0.6,0,31,264
351,RandomFixed,352,5080299612149205872,0.3,0.6,0,32,255
352,RandomFixed,353,7570445732587557918,0.3,0.6,0,32,288
353,RandomFixed,354,8876818416026276331,0.3,0.6,0,32,252
354,RandomFixed,355,8453005257188707547,0.3,0.6,0,32,283
355,RandomFixed,356,3335629540643272188,0.3,0.6,0,32,301
356,RandomFixed,357,6896542541502137608,0.3,0.6,0,31,262
357,RandomFixed,358,3383112976271184540,0.3,0.6,0,32,282
358,RandomFixed,359,2384949610798576382,0.3,0.6,0,32,286
359,RandomFixed,360,2660774568796395465,0.3,0.6,0,32,264
360,RandomFixed,361,6267823575779454075,0.3,0.7,0,32,277
361,RandomFixed,362,9045482276318448685,0.3,0.7,0,31,299
362,RandomFixed,363,7640947689353538269,0.3,0.7,0,32,263
363,RandomFixed,364,4211582704647802797,0.3,0.7,0,32,306
364,RandomFixed,365,8747425813563319848,0.3,0.7,0,32,272
365,RandomFixed,366,4338773500076769398,0.3,0.7,0,32,278
366,RandomFixed,367,4356508563628700091,0.3,0.7,0,32,301
367,RandomFixed,368,6877405979976606005,0.3,0.7,0,32,279
368,RandomFixed,369,5868869627139952278,0.3,0.7,0,31,292
369,RandomFixed,370,7417904933795255462,0.3,0.7,0,32,320
370,RandomFixed,371,7469267707455079984,0.3,0.8,0,32,279
371,RandomFixed,372,8287352007846521394,0.3,0.8,0,31,303
372,RandomFixed,373,298795903994728547,0.3,0.8,0,30,297
373,RandomFixed,374,7598044594105395359,0.3,0.8,0,32,299
374,RandomFixed,375,8131714127209000737,0.3,0.8,0,32,292
375,RandomFixed,376,1765846582377933533,0.3,0.8,0,32,279
376,RandomFixed,377,795746199340659110,0.3,0.8,0,32,298
377,RandomFixed,378,4768948427716844422,0.3,0.8,0,31,288
378,RandomFixed,379,8880717718159233630,0.3,0.8,0,32,342
379,RandomFixed,380,901827973745846548,0.3,0.8,0,32,277
380,RandomFixed,381,7471383811862040700,0.3,0.9,0,32,337
381,RandomFixed,382,8307667029067960486,0.3,0.9,0,32,281
382,RandomFixed,383,2554314043451572265,0.3,0.9,0,32,295
383,RandomFixed,384,3394789624736400936,0.3,0.9,0,31,326
384,RandomFixed,385,3486044118014063794,0.3,0.9,0,32,306
385,RandomFixed,386,2397362527727213174,0.3,0.9,0,32,288
386,RandomFixed,387,7446856494738467477,0.3,0.9,0,32,321
387,RandomFixed,388,529036900746941573,0.3,0.9,0,32,333
388,RandomFixed,389,505282623227912127,0.3,0.9,0,32,308
389,RandomFixed,390,1640611658997101524,0.3,0.9,0,32,328
390,RandomFixed,391,2893353826965333954,0.3,1.0,0,32,364
391,RandomFixed,392,1714391496714262807,0.3,1.0,0,32,322
392,RandomFixed,393,4683492974190411033,0.3,1.0,0,32,324
393,RandomFixed,394,6990245782476515167,0.3,1.0,0,32,327
394,RandomFixed,395,3534672929422151847,0.3,1.0,0,32,323
395,RandomFixed,396,1524059236969516524,0.3,1.0,0,32,339
396,RandomFixed,397,4273631015814166425,0.3,1.0,0,32,338
397,RandomFixed,398,3878079545687087455,0.3,1.0,0,32,292
398,RandomFixed,399,4333678497737036614,0.3,1.0,0,32,301
399,RandomFixed,400,7132308129641337542,0.3,1.0,0,32,287
400,RandomFixed,401,7168742327385099074,0.4,0.1,0,32,108
401,RandomFixed,402,3773141408812500531,0.4,0.1,0,32,85
402,RandomFixed,403,4067163938419579369,0.4,0.1,0,31,100
403,RandomFixed,404,5534831092189935574,0.4,0.1,0,31,88
404,RandomFixed,405,1676739014518713395,0.4,0.1,0,32,94
405,RandomFixed,406,6998397442983336532,0.4,0.1,0,32,85
406,RandomFixed,407,692639913945215944,0.4,0.1,0,32,97
407,RandomFixed,408,8188393601339644464,0.4,0.1,0,32,85
408,RandomFixed,409,7795766337486466108,0.4,0.1,0,31,106
409,RandomFixed,410,3977284431260492611,0.4,0.1,0,32,98
410,RandomFixed,411,9133260467871541374,0.4,0.2,0,32,156
411,RandomFixed,412,1027962845161364236,0.4,0.2,0,32,136
412,RandomFixed,413,3241983928034194293,0.4,0.2,0,32,180
413,RandomFixed,414,4232995529407187061,0.4,0.2,0,32,145
414,RandomFixed,415,6011453218807672621,0.4,0.2,0,32,136
415,RandomFixed,416,1677484459867257900,0.4,0.2,0,32,141
416,RandomFixed,417,8784737427033094108,0.4,0.2,0,32,150
417,RandomFixed,418,8441743260613899329,0.4,0.2,0,32,134
418,RandomFixed,419,1779779101593573564,0.4,0.2,0,32,132
419,RandomFixed,420,1263543515539325400,0.4,0.2,0,31,149
420,RandomFixed,421,5479574333801534757,0.4,0.3,0,30,184
421,RandomFixed,422,6777813312254223296,0.4,0.3,0,32,207
422,RandomFixed,423,8919379876418918780,0.4,0.3,0,32,192
423,RandomFixed,424,6168649148693544912,0.4,0.3,0,32,178
424,RandomFixed,425,4370052651370317379,0.4,0.3,0,32,221
425,RandomFixed,426,3836747910776505430,0.4,0.3,0,32,204
426,RandomFixed,427,6281706801705565939,0.4,0.3,0,32,178
427,RandomFixed,428,5783223011985677264,0.4,0.3,0,32,177
428,RandomFixed,429,3904557258878379211,0.4,0.3,0,32,187
429,RandomFixed,430,1442647457203415722,0.4,0.3,0,32,185
430,RandomFixed,431,3783048884778980317,0.4,0.4,0,32,217
431,RandomFixed,432,6162647800028724034,0.4,0.4,0,32,227
432,RandomFixed,433,5321117821691863378,0.4,0.4,0,31,194
433,RandomFixed,434,2524101370678377068,0.4,0.4,0,32,210
434,RandomFixed,435,152212654527029341,0.4,0.4,0,32,242
435,RandomFixed,436,3141102148869664256,0.4,0.4,0,32,204
436,RandomFixed,437,7140086408323914651,0.4,0.4,0,32,220
437,RandomFixed,438,7698849271589091750,0.4,0.4,0,32,232
438,RandomFixed,439,9178297051851088194,0.4,0.4,0,32,221
439,RandomFixed,440,7465009972947951675,0.4,0.4,0,32,205
440,RandomFixed,441,1495817531087252349,0.4,0.5,0,32,237
441,RandomFixed,442,6669426913450438903,0.4,0.5,0,32,234
442,RandomFixed,443,1712541570101106479,0.4,0.5,0,32,224
443,RandomFixed,444,5256783602957891944,0.4,0.5,0,32,255
444,RandomFixed,445,731416624744388939,0.4,0.5,0,32,192
445,RandomFixed,446,2715332162144191621,0.4,0.5,0,32,207
446,RandomFixed,447,4083709235150608765,0.4,0.5,0,32,250
447,RandomFixed,448,276394912485625309,0.4,0.5,0,32,244
448,RandomFixed,449,2719708951317759094,0.4,0.5,0,32,242
449,RandomFixed,450,3937368162881273418,0.4,0.5,0,32,259
450,RandomFixed,451,1713310939895211395,0.4,0.6,0,32,268
451,RandomFixed,452,3249809200060569154,0.4,0.6,0,32,240
452,RandomFixed,453,3774783146999763160,0.4,0.6,0,32,259
453,RandomFixed,454,305186685554066185,0.4,0.6,0,32,246
454,RandomFixed,455,3534631590996052699,0.4,0.6,0,32,263
455,RandomFixed,456,7135017812195477506,0.4,0.6,0,32,233
456,RandomFixed,457,5225463471890781788,0.4,0.6,0,32,253
457,RandomFixed,458,2580645634822931826,0.4,0.6,0,32,267
458,RandomFixed,459,6006103778547378018,0.4,0.6,0,31,248
459,RandomFixed,460,7578092911982766113,0.4,0.6,0,32,262
460,RandomFixed,461,9029403597640213401,0.4,0.7,0,32,299
461,RandomFixed,462,3659488014110185266,0.4,0.7,0,32,272
462,RandomFixed,463,6757408280040359140,0.4,0.7,0,32,272
463,RandomFixed,464,2087172491756088142,0.4,0.7,0,32,253
464,RandomFixed,465,714559727753959233,0.4,0.7,0,32,293
465,RandomFixed,466,2074821027240395402,0.4,0.7,0,32,260
466,RandomFixed,467,7697298718534566044,0.4,0.7,0,32,251
467,RandomFixed,468,5799001432982984150,0.4,0.7,0,32,232
468,RandomFixed,469,6312394965163082380,0.4,0.7,0,32,291
469,RandomFixed,470,9155816834691361110,0.4,0.7,0,32,256
470,RandomFixed,471,7437765326167199631,0.4,0.8,0,32,296
471,RandomFixed,472,3536930580857642182,0.4,0.8,0,32,290
472,RandomFixed,473,8126768874659993232,0.4,0.8,0,32,268
473,RandomFixed,474,2937912380677253224,0.4,0.8,0,32,293
474,RandomFixed,475,719306340609568585,0.4,0.8,0,32,265
475,RandomFixed,476,2689132880971764366,0.4,0.8,0,32,306
476,RandomFixed,477,1540062254056442088,0.4,0.8,0,32,254
477,RandomFixed,478,1123584536899669323,0.4,0.8,0,31,270
478,RandomFixed,479,8681504965912492064,0.4,0.8,0,32,249
479,RandomFixed,480,276247003132643271,0.4,0.8,0,32,283
480,RandomFixed,481,1533325827626169702,0.4,0.9,0,31,289
481,RandomFixed,482,539437020211523155,0.4,0.9,0,32,297
482,RandomFixed,483,1111324346890070904,0.4,0.9,0,32,323
483,RandomFixed,484,5807585998857522046,0.4,0.9,0,32,242
484,RandomFixed,485,2965974115254832068,0.4,0.9,0,32,257
485,RandomFixed,486,1993458945624758347,0.4,0.9,0,32,269
486,RandomFixed,487,2411497072106074250,0.4,0.9,0,31,305
487,RandomFixed,488,2964240555797153033,0.4,0.9,0,32,264
488,RandomFixed,489,3137155694048692107,0.4,0.9,0,32,282
489,RandomFixed,490,1302057164789536104,0.4,0.9,0,32,302
490,RandomFixed,491,4060604430461424114,0.4,1.0,0,32,263
491,RandomFixed,492,8314618616503444665,0.4,1.0,0,32,270
492,RandomFixed,493,6575341003983279421,0.4,1.0,0,32,301
493,RandomFixed,494,911279862672422076,0.4,1.0,0,32,300
494,RandomFixed,495,6318667250295885068,0.4,1.0,0,32,321
495,RandomFixed,496,4313670011412374925,0.4,1.0,0,32,280
496,RandomFixed,497,18039190981377393,0.4,1.0,0,31,297
497,RandomFixed,498,1023945132677295531,0.4,1.0,0,32,310
498,RandomFixed,499,3299759527760747664,0.4,1.0,0,32,266
499,RandomFixed,500,4373943270687627249,0.4,1.0,0,32,311
500,RandomFixed,501,5763405613914007106,0.5,0.1,0,32,96
501,RandomFixed,502,3889745244931453638,0.5,0.1,0,32,109
502,RandomFixed,503,6050096894833580706,0.5,0.1,0,32,106
503,RandomFixed,504,5741451703501567705,0.5,0.1,0,32,95
504,RandomFixed,505,7450112249223349618,0.5,0.1,0,32,101
505,RandomFixed,506,6011431000324692302,0.5,0.1,0,32,110
506,RandomFixed,507,2827809483899797141,0.5,0.1,0,32,95
507,RandomFixed,508,1087977712709077387,0.5,0.1,0,32,91
508,RandomFixed,509,1227185104333767548,0.5,0.1,0,32,87
509,RandomFixed,510,5805118442175320948,0.5,0.1,0,32,91
510,RandomFixed,511,1739580838612176726,0.5,0.2,0,31,141
511,RandomFixed,512,6204841366759238745,0.5,0.2,0,32,148
512,RandomFixed,513,309338157100876610,0.5,0.2,0,31,113
513,RandomFixed,514,983795765197535962,0.5,0.2,0,32,151
514,RandomFixed,515,6740873165350746182,0.5,0.2,0,32,131
515,RandomFixed,516,4770044477860752251,0.5,0.2,0,32,154
516,RandomFixed,517,920098089423248594,0.5,0.2,0,32,130
517,RandomFixed,518,1669738455685333672,0.5,0.2,0,32,168
518,RandomFixed,519,8514513098262614428,0.5,0.2,0,32,139
519,RandomFixed,520,9050342733991884296,0.5,0.2,0,31,163
520,RandomFixed,521,487301348903728094,0.5,0.3,0,31,194
521,RandomFixed,522,4387352989573525684,0.5,0.3,0,32,167
522,RandomFixed,523,1282252793048334004,0.5,0.3,0,31,182
523,RandomFixed,524,8077681346583603163,0.5,0.3,0,32,193
524,RandomFixed,525,5936787358142149553,0.5,0.3,0,32,163
525,RandomFixed,526,3275251688458343104,0.5,0.3,0,31,163
526,RandomFixed,527,8887486460361064838,0.5,0.3,0,31,190
527,RandomFixed,528,8814722705038283550,0.5,0.3,0,32,162
528,RandomFixed,529,1839897351906511874,0.5,0.3,0,32,183
529,RandomFixed,530,6865179940940157894,0.5,0.3,0,32,169
530,RandomFixed,531,7807111453132080917,0.5,0.4,0,32,196
531,RandomFixed,532,4900996867603002373,0.5,0.4,0,32,216
532,RandomFixed,533,6716850630412008914,0.5,0.4,0,32,179
533,RandomFixed,534,8369096196190014019,0.5,0.4,0,32,197
534,RandomFixed,535,7196569187063373683,0.5,0.4,0,31,187
535,RandomFixed,536,1598394274126186932,0.5,0.4,0,31,188
536,RandomFixed,537,2453815093186337205,0.5,0.4,0,32,201
537,RandomFixed,538,7982150676267240156,0.5,0.4,0,32,192
538,RandomFixed,539,932124655930051410,0.5,0.4,0,32,187
539,RandomFixed,540,5945167649651713228,0.5,0.4,0,32,217
540,RandomFixed,541,5920607920972817336,0.5,0.5,0,32,195
541,RandomFixed,542,4777471707166570348,0.5,0.5,0,32,204
542,RandomFixed,543,2630937740737282596,0.5,0.5,0,31,218
543,RandomFixed,544,8243049635682621300,0.5,0.5,0,32,210
544,RandomFixed,545,8535774053816436550,0.5,0.5,0,32,214
545,RandomFixed,546,1113457150081371828,0.5,0.5,0,32,212
546,RandomFixed,547,2913478127048314290,0.5,0.5,0,32,191
547,RandomFixed,548,7910275337972161723,0.5,0.5,0,32,227
548,RandomFixed,549,6763124320703233707,0.5,0.5,0,32,239
549,RandomFixed,550,2798799285076644254,0.5,0.5,0,32,209
550,RandomFixed,551,1896433448471139758,0.5,0.6,0,32,238
551,RandomFixed,552,2534666789091907180,0.5,0.6,0,32,217
552,RandomFixed,553,6337802723260537056,0.5,0.6,0,32,228
553,RandomFixed,554,3268756928064071713,0.5,0.6,0,32,222
554,RandomFixed,555,5137699100943506249,0.5,0.6,0,32,235
555,RandomFixed,556,6857313124754169345,0.5,0.6,0,32,241
556,RandomFixed,557,2151888905355223083,0.5,0.6,0,32,218
557,RandomFixed,558,8645266245533576009,0.5,0.6,0,32,235
558,RandomFixed,559,5588012434175262519,0.5,0.6,0,32,249
559,RandomFixed,560,5591893295477063250,0.5,0.6,0,32,217
560,RandomFixed,561,970932226029365442,0.5,0.7,0,32,213
561,RandomFixed,562,8910285106176029359,0.5,0.7,0,32,248
562,RandomFixed,563,8108299892182796049,0.5,0.7,0,32,228
563,RandomFixed,564,1221625574212487980,0.5,0.7,0,32,238
564,RandomFixed,565,9074106545920612077,0.5,0.7,0,31,226
565,RandomFixed,566,7513462127650776910,0.5,0.7,0,31,236
566,RandomFixed,567,7431148497543239,0.5,0.7,0,32,235
567,RandomFixed,568,1916424791036798422,0.5,0.7,0,32,241
568,RandomFixed,569,944124771517525708,0.5,0.7,0,32,272
569,RandomFixed,570,8889606397611801486,0.5,0.7,0,32,217
570,RandomFixed,571,6443114945717048224,0.5,0.8,0,32,229
571,RandomFixed,572,2259601733866530284,0.5,0.8,0,32,264
572,RandomFixed,573,4112403880055844961,0.5,0.8,0,32,243
573,RandomFixed,574,9028704205057603230,0.5,0.8,0,32,245
574,RandomFixed,575,5686606026692511133,0.5,0.8,0,32,256
575,RandomFixed,576,829531388757338651,0.5,0.8,0,32,215
576,RandomFixed,577,2350301842186855050,0.5,0.8,0,32,245
577,RandomFixed,578,6745342842688231816,0.5,0.8,0,32,281
578,RandomFixed,579,3749917642320122235,0.5,0.8,0,32,260
579,RandomFixed,580,632095184110544092,0.5,0.8,0,32,247
580,RandomFixed,581,8733082046001130486,0.5,0.9,0,31,252
581,RandomFixed,582,5355002180076413684,0.5,0.9,0,32,253
582,RandomFixed,583,94333019356615601,0.5,0.9,0,32,257
583,RandomFixed,584,3049648319156430469,0.5,0.9,0,32,252
584,RandomFixed,585,7915114714579713042,0.5,0.9,0,31,281
585,RandomFixed,586,2041060604976736082,0.5,0.9,0,32,268
586,RandomFixed,587,6064356382064319957,0.5,0.9,0,32,280
587,RandomFixed,588,2963250208222147903,0.5,0.9,0,32,270
588,RandomFixed,589,4841094941125352825,0.5,0.9,0,32,258
589,RandomFixed,590,7483396293001962310,0.5,0.9,0,32,256
590,RandomFixed,591,2850962858467493474,0.5,1.0,0,32,282
591,RandomFixed,592,5724560616405254892,0.5,1.0,0,30,250
592,RandomFixed,593,8012500966612224630,0.5,1.0,0,32,275
593,RandomFixed,594,6309126713189416261,0.5,1.0,0,31,272
594,RandomFixed,595,2817579504091261633,0.5,1.0,0,32,256
595,RandomFixed,596,6488461027206612752,0.5,1.0,0,31,287
596,RandomFixed,597,6765002954029350176,0.5,1.0,0,32,284
597,RandomFixed,598,49581216905522695,0.5,1.0,0,32,264
598,RandomFixed,599,2017485230060325732,0.5,1.0,0,32,276
599,RandomFixed,600,623286808129141898,0.5,1.0,0,32,250
600,RandomFixed,601,8099791214547862198,0.6,0.1,0,32,70
601,RandomFixed,602,1963115181965940529,0.6,0.1,0,32,75
602,RandomFixed,603,4817517816964538841,0.6,0.1,0,32,73
603,RandomFixed,604,1423070370769556102,0.6,0.1,0,32,78
604,RandomFixed,605,5528956037947874947,0.6,0.1,0,32,101
605,RandomFixed,606,7931066135710430727,0.6,0.1,0,32,89
606,RandomFixed,607,2835980676443132103,0.6,0.1,0,32,86
607,RandomFixed,608,472492697948427178,0.6,0.1,0,32,93
608,RandomFixed,609,5866685249927864507,0.6,0.1,0,32,74
609,RandomFixed,610,6589110456736234024,0.6,0.1,0,32,74
610,RandomFixed,611,2088002164322602851,0.6,0.2,0,32,134
611,RandomFixed,612,4730762327367449806,0.6,0.2,0,32,153
612,RandomFixed,613,8021471938130846464,0.6,0.2,0,32,115
613,RandomFixed,614,1411629627608514272,0.6,0.2,0,32,113
614,RandomFixed,615,23936463749740445,0.6,0.2,0,32,123
615,RandomFixed,616,1465242427143247481,0.6,0.2,0,32,147
616,RandomFixed,617,3606085308640712022,0.6,0.2,0,32,121
617,RandomFixed,618,2417368727829291987,0.6,0.2,0,32,110
618,RandomFixed,619,6097884037497358612,0.6,0.2,0,32,123
619,RandomFixed,620,8330335526379546317,0.6,0.2,0,32,135
620,RandomFixed,621,6429996079321412460,0.6,0.3,0,32,154
621,RandomFixed,622,1626763909846434203,0.6,0.3,0,32,169
622,RandomFixed,623,9103771334018769130,0.6,0.3,0,32,140
623,RandomFixed,624,5192547427198633554,0.6,0.3,0,32,162
624,RandomFixed,625,3205845627993222523,0.6,0.3,0,32,158
625,RandomFixed,626,4467441493820549337,0.6,0.3,0,32,156
626,RandomFixed,627,7616848944927628814,0.6,0.3,0,31,156
627,RandomFixed,628,1400310827538290264,0.6,0.3,0,32,159
628,RandomFixed,629,4929225179971216040,0.6,0.3,0,32,156
629,RandomFixed,630,8836401016852917573,0.6,0.3,0,32,170
630,RandomFixed,631,8514836089536843905,0.6,0.4,0,31,182
631,RandomFixed,632,2438701975264516057,0.6,0.4,0,32,194
632,RandomFixed,633,560407510736008332,0.6,0.4,0,32,187
633,RandomFixed,634,5334910358058326700,0.6,0.4,0,32,181
634,RandomFixed,635,233593917956950188,0.6,0.4,0,32,177
635,RandomFixed,636,1678353536993667149,0.6,0.4,0,32,165
636,RandomFixed,637,8731188100926145002,0.6,0.4,0,32,165
637,RandomFixed,638,7346484091145971917,0.6,0.4,0,32,165
638,RandomFixed,639,2398915722461185883,0.6,0.4,0,32,177
639,RandomFixed,640,293267500419894717,0.6,0.4,0,32,169
640,RandomFixed,641,8091083229432250692,0.6,0.5,0,32,181
641,RandomFixed,642,694221893882671105,0.6,0.5,0,32,190
642,RandomFixed,643,5689193471355006713,0.6,0.5,0,32,214
643,RandomFixed,644,2105887568356970971,0.6,0.5,0,32,217
644,RandomFixed,645,3245185593728505635,0.6,0.5,0,32,183
645,RandomFixed,646,4089845235223214883,0.6,0.5,0,32,206
646,RandomFixed,647,1145336029688669193,0.6,0.5,0,32,164
647,RandomFixed,648,8586579641315625933,0.6,0.5,0,32,186
648,RandomFixed,649,8483649005192859657,0.6,0.5,0,32,185
649,RandomFixed,650,5012536942259902959,0.6,0.5,0,32,198
650,RandomFixed,651,1736109506461486990,0.6,0.6,0,32,209
651,RandomFixed,652,8082448416444538846,0.6,0.6,0,31,197
652,RandomFixed,653,4096483643094166117,0.6,0.6,0,32,180
653,RandomFixed,654,2839430511644276690,0.6,0.6,0,32,207
654,RandomFixed,655,3483221170408700910,0.6,0.6,0,32,194
655,RandomFixed,656,4845212411583158639,0.6,0.6,0,32,199
656,RandomFixed,657,3476233557434907872,0.6,0.6,0,32,210
657,RandomFixed,658,7364588507606957421,0.6,0.6,0,32,183
658,RandomFixed,659,6537241375024200262,0.6,0.6,0,32,194
659,RandomFixed,660,7750685664704904188,0.6,0.6,0,32,212
660,RandomFixed,661,4819710916715180985,0.6,0.7,0,32,232
661,RandomFixed,662,1873205596113860945,0.6,0.7,0,32,215
662,RandomFixed,663,1249576872644079453,0.6,0.7,0,32,221
663,RandomFixed,664,1965988219754270020,0.6,0.7,0,32,230
664,RandomFixed,665,3028003041219576854,0.6,0.7,0,32,200
665,RandomFixed,666,847754179333702946,0.6,0.7,0,32,203
666,RandomFixed,667,5862312796385899683,0.6,0.7,0,32,215
667,RandomFixed,668,5368812870596473348,0.6,0.7,0,31,247
668,RandomFixed,669,2559962908902434802,0.6,0.7,0,32,196
669,RandomFixed,670,7719633230171081774,0.6,0.7,0,32,218
670,RandomFixed,671,2532854765550504256,0.6,0.8,0,32,200
671,RandomFixed,672,7979959262966011933,0.6,0.8,0,32,238
672,RandomFixed,673,7319005014845437982,0.6,0.8,0,32,220
673,RandomFixed,674,2556829753831451030,0.6,0.8,0,32,205
674,RandomFixed,675,400485847747340103,0.6,0.8,0,32,235
675,RandomFixed,676,4620634083125799037,0.6,0.8,0,32,208
676,RandomFixed,677,4556324613229336995,0.6,0.8,0,32,224
677,RandomFixed,678,3018232292145211450,0.6,0.8,0,32,218
678,RandomFixed,679,1936402457898141699,0.6,0.8,0,32,186
679,RandomFixed,680,8559780117229052635,0.6,0.8,0,32,209
680,RandomFixed,681,5621101028688692008,0.6,0.9,0,32,226
681,RandomFixed,682,7290867619717006987,0.6,0.9,0,32,224
682,RandomFixed,683,5952010378041530462,0.6,0.9,0,32,216
683,RandomFixed,684,6287725785533297775,0.6,0.9,0,32,224
684,RandomFixed,685,2651996608404084086,0.6,0.9,0,32,200
685,RandomFixed,686,1014555417220493258,0.6,0.9,0,32,228
686,RandomFixed,687,4933563594791391439,0.6,0.9,0,32,244
687,RandomFixed,688,3526222427541749799,0.6,0.9,0,32,226
688,RandomFixed,689,8682201651509510260,0.6,0.9,0,32,235
689,RandomFixed,690,5990656657276409049,0.6,0.9,0,32,239
690,RandomFixed,691,3494174830172975703,0.6,1.0,0,32,215
691,RandomFixed,692,6110306858502579671,0.6,1.0,0,32,221
692,RandomFixed,693,6480157313469290603,0.6,1.0,0,32,227
693,RandomFixed,694,4332429674281133878,0.6,1.0,0,32,210
694,RandomFixed,695,6988118010347122000,0.6,1.0,0,32,244
695,RandomFixed,696,4535421828572908129,0.6,1.0,0,32,239
696,RandomFixed,697,2595708426532772077,0.6,1.0,0,32,236
697,RandomFixed,698,7446570162527963887,0.6,1.0,0,32,251
698,RandomFixed,699,5015568869942180444,0.6,1.0,0,32,264
699,RandomFixed,700,3449896503561439278,0.6,1.0,0,32,223
700,RandomFixed,701,253695704677112267,0.7,0.1,0,31,69
701,RandomFixed,702,3253966743163459408,0.7,0.1,0,31,79
702,RandomFixed,703,7181333021459946137,0.7,0.1,0,32,89
703,RandomFixed,704,5983936065685360672,0.7,0.1,0,32,85
704,RandomFixed,705,1063265271563054939,0.7,0.1,0,32,79
705,RandomFixed,706,1257347363766912822,0.7,0.1,0,32,91
706,RandomFixed,707,5031463086553471605,0.7,0.1,0,32,79
707,RandomFixed,708,1819698235596153557,0.7,0.1,0,32,79
708,RandomFixed,709,1562311488759188791,0.7,0.1,0,32,70
709,RandomFixed,710,3767530902284711228,0.7,0.1,0,32,84
710,RandomFixed,711,5393810273423544053,0.7,0.2,0,31,110
711,RandomFixed,712,7701195404317353478,0.7,0.2,0,31,127
712,RandomFixed,713,7661046921791621459,0.7,0.2,0,31,113
713,RandomFixed,714,4866158981448490815,0.7,0.2,0,32,111
714,RandomFixed,715,142293043910788623,0.7,0.2,0,32,106
715,RandomFixed,716,6715554244116085852,0.7,0.2,0,32,114
716,RandomFixed,717,279592638476828096,0.7,0.2,0,32,109
717,RandomFixed,718,3740838933564734343,0.7,0.2,0,32,98
718,RandomFixed,719,4006790606458281526,0.7,0.2,0,32,121
719,RandomFixed,720,7558341556662881100,0.7,0.2,0,32,107
720,RandomFixed,721,1825201714394516223,0.7,0.3,0,32,140
721,RandomFixed,722,2253585441881177081,0.7,0.3,0,32,136
722,RandomFixed,723,8044131786938559402,0.7,0.3,0,32,121
723,RandomFixed,724,3807582461597541183,0.7,0.3,0,32,119
724,RandomFixed,725,6091244032169912366,0.7,0.3,0,31,122
725,RandomFixed,726,2820986185991176948,0.7,0.3,0,32,150
726,RandomFixed,727,125639908803749919,0.7,0.3,0,32,143
727,RandomFixed,728,6126559047184750075,0.7,0.3,0,32,132
728,RandomFixed,729,8200069717560368882,0.7,0.3,0,32,138
729,RandomFixed,730,9201743947831836696,0.7,0.3,0,32,126
730,RandomFixed,731,6081968247993990554,0.7,0.4,0,32,145
731,RandomFixed,732,3989471349269265730,0.7,0.4,0,32,135
732,RandomFixed,733,6884057506494432619,0.7,0.4,0,32,158
733,RandomFixed,734,5756981966357708046,0.7,0.4,0,32,135
734,RandomFixed,735,1588999093420054194,0.7,0.4,0,32,144
735,RandomFixed,736,1339025342541349477,0.7,0.4,0,31,152
736,RandomFixed,737,7252797820320260907,0.7,0.4,0,32,165
737,RandomFixed,738,6685963031557094114,0.7,0.4,0,32,138
738,RandomFixed,739,6400037677439502929,0.7,0.4,0,32,148
739,RandomFixed,740,6856420277232770620,0.7,0.4,0,32,129
740,RandomFixed,741,52333639716037119,0.7,0.5,0,32,164
741,RandomFixed,742,2983689972297854153,0.7,0.5,0,32,172
742,RandomFixed,743,4866645540336160424,0.7,0.5,0,32,191
743,RandomFixed,744,7770338177865111450,0.7,0.5,0,32,152
744,RandomFixed,745,194856721798109191,0.7,0.5,0,31,155
745,RandomFixed,746,3044267414956498755,0.7,0.5,0,32,135
746,RandomFixed,747,8606714983836667785,0.7,0.5,0,32,171
747,RandomFixed,748,5886003015898132582,0.7,0.5,0,32,180
748,RandomFixed,749,4465121279391640205,0.7,0.5,0,32,161
749,RandomFixed,750,203032853834841669,0.7,0.5,0,32,147
750,RandomFixed,751,377929186551040392,0.7,0.6,0,32,170
751,RandomFixed,752,7785952646833588771,0.7,0.6,0,32,184
752,RandomFixed,753,5039713167074086394,0.7,0.6,0,32,155
753,RandomFixed,754,2857396707194090394,0.7,0.6,0,32,173
754,RandomFixed,755,2634796173543332628,0.7,0.6,0,32,174
755,RandomFixed,756,4653517767316298610,0.7,0.6,0,32,166
756,RandomFixed,757,263224532867480573,0.7,0.6,0,32,176
757,RandomFixed,758,4057012503045233313,0.7,0.6,0,32,179
758,RandomFixed,759,182492797796397855,0.7,0.6,0,32,170
759,RandomFixed,760,3463445220837890588,0.7,0.6,0,32,154
760,RandomFixed,761,6476165389709002202,0.7,0.7,0,32,183
761,RandomFixed,762,6041159619210809205,0.7,0.7,0,32,186
762,RandomFixed,763,7245861418284124547,0.7,0.7,0,32,168
763,RandomFixed,764,681424449346509006,0.7,0.7,0,32,180
764,RandomFixed,765,8169165044380510513,0.7,0.7,0,32,173
765,RandomFixed,766,1955238595566390311,0.7,0.7,0,32,193
766,RandomFixed,767,3721944004647047686,0.7,0.7,0,32,165
767,RandomFixed,768,8253842436904643207,0.7,0.7,0,32,174
768,RandomFixed,769,3984014899530038277,0.7,0.7,0,32,167
769,RandomFixed,770,2386372297378009364,0.7,0.7,0,32,178
770,RandomFixed,771,5615502611956624269,0.7,0.8,0,32,189
771,RandomFixed,772,2187010414698368816,0.7,0.8,0,32,197
772,RandomFixed,773,3544674541407239126,0.7,0.8,0,32,200
773,RandomFixed,774,1373910040565213492,0.7,0.8,0,32,201
774,RandomFixed,775,9179725921319339958,0.7,0.8,0,32,193
775,RandomFixed,776,7471997900867725660,0.7,0.8,0,32,192
776,RandomFixed,777,8461010214413133795,0.7,0.8,0,32,182
777,RandomFixed,778,1212261873907057686,0.7,0.8,0,32,158
778,RandomFixed,779,6363138903228860417,0.7,0.8,0,32,169
779,RandomFixed,780,8689769358791254379,0.7,0.8,0,32,195
780,RandomFixed,781,1871133216427560772,0.7,0.9,0,32,189
781,RandomFixed,782,5166902800126868595,0.7,0.9,0,32,210
782,RandomFixed,783,7775883195312413023,0.7,0.9,0,32,188
783,RandomFixed,784,2186443020772463727,0.7,0.9,0,32,182
784,RandomFixed,785,7595929310707628799,0.7,0.9,0,32,190
785,RandomFixed,786,465186277047406893,0.7,0.9,0,32,179
786,RandomFixed,787,5792841456258294648,0.7,0.9,0,32,175
787,RandomFixed,788,1185945353021226399,0.7,0.9,0,31,212
788,RandomFixed,789,564462457287331383,0.7,0.9,0,32,209
789,RandomFixed,790,315979058324283720,0.7,0.9,0,32,178
790,RandomFixed,791,6103583150580271931,0.7,1.0,0,32,198
791,RandomFixed,792,6875675775634588107,0.7,1.0,0,32,190
792,RandomFixed,793,3233278281829619426,0.7,1.0,0,32,206
793,RandomFixed,794,7916343977261846713,0.7,1.0,0,31,201
794,RandomFixed,795,6324301243570216612,0.7,1.0,0,31,212
795,RandomFixed,796,700433675978877778,0.7,1.0,0,32,208
796,RandomFixed,797,2444425879148840246,0.7,1.0,0,32,198
797,RandomFixed,798,3320157723808033422,0.7,1.0,0,32,213
798,RandomFixed,799,1980354990052152628,0.7,1.0,0,32,213
799,RandomFixed,800,3192912130581437873,0.7,1.0,0,32,208
800,RandomFixed,801,1619023740416707745,0.8,0.1,0,32,61
801,RandomFixed,802,2919730262609066909,0.8,0.1,0,32,80
802,RandomFixed,803,1822201789956413598,0.8,0.1,0,31,57
803,RandomFixed,804,6621640053281972874,0.8,0.1,0,32,63
804,RandomFixed,805,4353985967008346085,0.8,0.1,0,32,73
805,RandomFixed,806,3421585362295917809,0.8,0.1,0,32,73
806,RandomFixed,807,8188955079814732953,0.8,0.1,0,32,70
807,RandomFixed,808,3473373521478751913,0.8,0.1,0,32,78
808,RandomFixed,809,4947474279890026271,0.8,0.1,0,32,82
809,RandomFixed,810,3662197907198659060,0.8,0.1,0,32,81
810,RandomFixed,811,1719134293912408659,0.8,0.2,0,32,98
811,RandomFixed,812,4575296736838106354,0.8,0.2,0,32,97
812,RandomFixed,813,2305353660062593922,0.8,0.2,0,32,93
813,RandomFixed,814,4827481014023401669,0.8,0.2,0,32,85
814,RandomFixed,815,8345872420674027505,0.8,0.2,0,32,117
815,RandomFixed,816,8193834241815416778,0.8,0.2,0,31,85
816,RandomFixed,817,2891334072210526770,0.8,0.2,0,32,93
817,RandomFixed,818,951277993973461108,0.8,0.2,0,32,80
818,RandomFixed,819,5483910231296640842,0.8,0.2,0,32,97
819,RandomFixed,820,4656674358365095139,0.8,0.2,0,32,91
820,RandomFixed,821,9171055827036490685,0.8,0.3,0,31,120
821,RandomFixed,822,2017098165354794808,0.8,0.3,0,32,107
822,RandomFixed,823,1859745447411860209,0.8,0.3,0,32,129
823,RandomFixed,824,3383593971239506415,0.8,0.3,0,31,117
824,RandomFixed,825,1836428927518569745,0.8,0.3,0,32,115
825,RandomFixed,826,6659606838304676479,0.8,0.3,0,32,120
826,RandomFixed,827,8506234384119660972,0.8,0.3,0,32,106
827,RandomFixed,828,497409711299107499,0.8,0.3,0,32,101
828,RandomFixed,829,7029484728716437946,0.8,0.3,0,32,99
829,RandomFixed,830,2508194055442254180,0.8,0.3,0,32,99
830,RandomFixed,831,565664288854907003,0.8,0.4,0,32,122
831,RandomFixed,832,2650418222545329420,0.8,0.4,0,32,101
832,RandomFixed,833,4816725346192900008,0.8,0.4,0,32,117
833,RandomFixed,834,6714481898040297749,0.8,0.4,0,32,124
834,RandomFixed,835,7354736058090158962,0.8,0.4,0,32,117
835,RandomFixed,836,3606759664791778938,0.8,0.4,0,32,118
836,RandomFixed,837,2592120355613440873,0.8,0.4,0,32,110
837,RandomFixed,838,555399352742273325,0.8,0.4,0,32,121
838,RandomFixed,839,6425716336700189657,0.8,0.4,0,32,113
839,RandomFixed,840,6522175989136832325,0.8,0.4,0,32,108
840,RandomFixed,841,5616127075540514965,0.8,0.5,0,32,122
841,RandomFixed,842,1920754701738082598,0.8,0.5,0,32,149
842,RandomFixed,843,5658192811052999550,0.8,0.5,0,32,103
843,RandomFixed,844,4447868532336809078,0.8,0.5,0,32,103
844,RandomFixed,845,7982634860610583781,0.8,0.5,0,32,124
845,RandomFixed,846,2576197650307120320,0.8,0.5,0,32,143
846,RandomFixed,847,5869523904793268689,0.8,0.5,0,32,144
847,RandomFixed,848,1504318321113320761,0.8,0.5,0,32,136
848,RandomFixed,849,1128167574593428519,0.8,0.5,0,32,130
849,RandomFixed,850,3299462647173454126,0.8,0.5,0,32,150
850,RandomFixed,851,4121088662201624949,0.8,0.6,0,32,147
851,RandomFixed,852,5572426398748591579,0.8,0.6,0,32,128
852,RandomFixed,853,5081157774451036897,0.8,0.6,0,32,127
853,RandomFixed,854,7791529894407590215,0.8,0.6,0,32,123
854,RandomFixed,855,1963095002338794294,0.8,0.6,0,32,141
855,RandomFixed,856,4337648267633960968,0.8,0.6,0,32,110
856,RandomFixed,857,3632369344254480629,0.8,0.6,0,32,121
857,RandomFixed,858,850383719921254153,0.8,0.6,0,32,125
858,RandomFixed,859,8891107072273244939,0.8,0.6,0,32,138
859,RandomFixed,860,780832239094477627,0.8,0.6,0,32,144
860,RandomFixed,861,9019084539939066261,0.8,0.7,0,32,113
861,RandomFixed,862,6306602159214584847,0.8,0.7,0,31,155
862,RandomFixed,863,5127361385894230366,0.8,0.7,0,31,135
863,RandomFixed,864,5459822158685824469,0.8,0.7,0,32,153
864,RandomFixed,865,2889159222055809674,0.8,0.7,0,32,137
865,RandomFixed,866,4205273330420356560,0.8,0.7,0,32,166
866,RandomFixed,867,9006033522973098079,0.8,0.7,0,32,138
867,RandomFixed,868,5697952173889081632,0.8,0.7,0,31,155
868,RandomFixed,869,5739292939831700190,0.8,0.7,0,32,137
869,RandomFixed,870,348286360154025251,0.8,0.7,0,32,148
870,RandomFixed,871,4170520226318836525,0.8,0.8,0,32,131
871,RandomFixed,872,8612614849485481924,0.8,0.8,0,32,149
872,RandomFixed,873,5146376133425437082,0.8,0.8,0,32,131
873,RandomFixed,874,3578917970839502461,0.8,0.8,0,31,159
874,RandomFixed,875,6136812623709461131,0.8,0.8,0,31,143
875,RandomFixed,876,2962025351839255510,0.8,0.8,0,32,113
876,RandomFixed,877,9125523388095271841,0.8,0.8,0,32,145
877,RandomFixed,878,8320401803155150080,0.8,0.8,0,32,146
878,RandomFixed,879,7984125949749075401,0.8,0.8,0,32,126
879,RandomFixed,880,6375522041778505184,0.8,0.8,0,32,158
880,RandomFixed,881,2986017123148603080,0.8,0.9,0,32,132
881,RandomFixed,882,2002887720484545715,0.8,0.9,0,32,145
882,RandomFixed,883,6157813520552753410,0.8,0.9,0,32,144
883,RandomFixed,884,3190503896239856147,0.8,0.9,0,32,160
884,RandomFixed,885,4487051911030308385,0.8,0.9,0,32,158
885,RandomFixed,886,1760271362056752614,0.8,0.9,0,32,146
886,RandomFixed,887,2010920775474216987,0.8,0.9,0,32,149
887,RandomFixed,888,5097254111522934071,0.8,0.9,0,32,118
888,RandomFixed,889,8089131188047996595,0.8,0.9,0,32,155
889,RandomFixed,890,4926666993940262271,0.8,0.9,0,32,143
890,RandomFixed,891,7375403920128683652,0.8,1.0,0,32,139
891,RandomFixed,892,1370607006839005155,0.8,1.0,0,32,152
892,RandomFixed,893,7538111136816686873,0.8,1.0,0,32,141
893,RandomFixed,894,4040281034330689010,0.8,1.0,0,31,170
894,RandomFixed,895,2108352348594543506,0.8,1.0,0,32,173
895,RandomFixed,896,704870769304598616,0.8,1.0,0,32,172
896,RandomFixed,897,6015683779688921894,0.8,1.0,0,32,144
897,RandomFixed,898,2518588466415464414,0.8,1.0,0,32,157
898,RandomFixed,899,2745147414751727125,0.8,1.0,0,31,176
899,RandomFixed,900,1817396853762284672,0.8,1.0,0,32,171
900,RandomFixed,901,420506820811832652,0.9,0.1,0,31,49
901,RandomFixed,902,6367641123874710251,0.9,0.1,0,32,46
902,RandomFixed,903,3582614007583469687,0.9,0.1,0,32,56
903,RandomFixed,904,243254028307375101,0.9,0.1,0,32,56
904,RandomFixed,905,6406363997401603873,0.9,0.1,0,32,60
905,RandomFixed,906,5874290166591064920,0.9,0.1,0,32,48
906,RandomFixed,907,3099958542185802722,0.9,0.1,0,32,49
907,RandomFixed,908,1850096688742715362,0.9,0.1,0,32,58
908,RandomFixed,909,382238091772585656,0.9,0.1,0,32,61
909,RandomFixed,910,2966752712545404541,0.9,0.1,0,32,55
910,RandomFixed,911,3279742089059844482,0.9,0.2,0,32,69
911,RandomFixed,912,3342499895447292401,0.9,0.2,0,32,68
912,RandomFixed,913,7201853001202802595,0.9,0.2,0,32,74
913,RandomFixed,914,4431395099880261675,0.9,0.2,0,32,76
914,RandomFixed,915,834540527349872834,0.9,0.2,0,31,66
915,RandomFixed,916,2499566134764607168,0.9,0.2,0,32,73
916,RandomFixed,917,4852476333986020810,0.9,0.2,0,32,78
917,RandomFixed,918,7607437112222767568,0.9,0.2,0,32,76
918,RandomFixed,919,3998834169827545913,0.9,0.2,0,32,59
919,RandomFixed,920,4337263043040523692,0.9,0.2,0,31,72
920,RandomFixed,921,5985772062216374185,0.9,0.3,0,32,76
921,RandomFixed,922,8287791938570704559,0.9,0.3,0,32,93
922,RandomFixed,923,5462324281429717311,0.9,0.3,0,32,82
923,RandomFixed,924,3970985354971001010,0.9,0.3,0,32,73
924,RandomFixed,925,4155950293186263974,0.9,0.3,0,32,83
925,RandomFixed,926,3568001468786419498,0.9,0.3,0,32,93
926,RandomFixed,927,8307655676186980003,0.9,0.3,0,31,99
927,RandomFixed,928,8801648441482462086,0.9,0.3,0,32,81
928,RandomFixed,929,1384841017256717626,0.9,0.3,0,32,89
929,RandomFixed,930,5508327465132581584,0.9,0.3,0,32,80
930,RandomFixed,931,6292580344147151611,0.9,0.4,0,31,87
931,RandomFixed,932,9222606108626310078,0.9,0.4,0,32,100
932,RandomFixed,933,6953911272630166471,0.9,0.4,0,32,79
933,RandomFixed,934,2147629245621669558,0.9,0.4,0,32,89
934,RandomFixed,935,3960865020736897006,0.9,0.4,0,32,78
935,RandomFixed,936,4190405371036398238,0.9,0.4,0,32,82
936,RandomFixed,937,8905270129920919187,0.9,0.4,0,32,70
937,RandomFixed,938,430533196534209198,0.9,0.4,0,32,89
938,RandomFixed,939,7028736776582684284,0.9,0.4,0,32,89
939,RandomFixed,940,6362860397657837087,0.9,0.4,0,32,90
940,RandomFixed,941,5560961876903248301,0.9,0.5,0,32,90
941,RandomFixed,942,7747341914823198070,0.9,0.5,0,32,93
942,RandomFixed,943,4565082836519041238,0.9,0.5,0,32,83
943,RandomFixed,944,3264107269693841694,0.9,0.5,0,32,91
944,RandomFixed,945,8956080594434617684,0.9,0.5,0,32,97
945,RandomFixed,946,7336415172855951763,0.9,0.5,0,32,97
946,RandomFixed,947,1137813087650757719,0.9,0.5,0,32,98
947,RandomFixed,948,1532035490485963523,0.9,0.5,0,32,92
948,RandomFixed,949,5897991860362421357,0.9,0.5,0,32,83
949,RandomFixed,950,8407826972511537623,0.9,0.5,0,32,86
950,RandomFixed,951,7273172104059802226,0.9,0.6,0,32,105
951,RandomFixed,952,5057903619556958711,0.9,0.6,0,32,90
952,RandomFixed,953,2383677542736075767,0.9,0.6,0,32,101
953,RandomFixed,954,8951315485327047571,0.9,0.6,0,31,93
954,RandomFixed,955,2748742720893256287,0.9,0.6,0,32,81
955,RandomFixed,956,6485362759761185464,0.9,0.6,0,31,88
956,RandomFixed,957,2382008178744212844,0.9,0.6,0,32,81
957,RandomFixed,958,2018819354962361130,0.9,0.6,0,32,87
958,RandomFixed,959,584500131485307663,0.9,0.6,0,32,94
959,RandomFixed,960,6153519871019481276,0.9,0.6,0,32,92
960,RandomFixed,961,8854169452166983830,0.9,0.7,0,32,94
961,RandomFixed,962,5986608511984742854,0.9,0.7,0,32,93
962,RandomFixed,963,8972060388063984967,0.9,0.7,0,31,110
963,RandomFixed,964,2368550975477982240,0.9,0.7,0,32,109
964,RandomFixed,965,104512561183336010,0.9,0.7,0,32,97
965,RandomFixed,966,5623734793677310997,0.9,0.7,0,32,85
966,RandomFixed,967,2633647917094362191,0.9,0.7,0,32,87
967,RandomFixed,968,236234794303809213,0.9,0.7,0,32,87
968,RandomFixed,969,51747743962267303,0.9,0.7,0,32,106
969,RandomFixed,970,4933039752085588699,0.9,0.7,0,31,106
970,RandomFixed,971,2605343601379693616,0.9,0.8,0,32,107
971,RandomFixed,972,1021793925922140655,0.9,0.8,0,32,96
972,RandomFixed,973,684200914070168897,0.9,0.8,0,32,92
973,RandomFixed,974,7268633632490126560,0.9,0.8,0,32,85
974,RandomFixed,975,4734582734110932110,0.9,0.8,0,32,99
975,RandomFixed,976,4092439962102614836,0.9,0.8,0,32,106
976,RandomFixed,977,93053667371681759,0.9,0.8,0,32,105
977,RandomFixed,978,1239355657430145789,0.9,0.8,0,32,93
978,RandomFixed,979,6174209078998111717,0.9,0.8,0,32,100
979,RandomFixed,980,5030878548703016019,0.9,0.8,0,32,88
980,RandomFixed,981,5267041665658803369,0.9,0.9,0,32,97
981,RandomFixed,982,3012522555028910237,0.9,0.9,0,32,93
982,RandomFixed,983,8685493570610591988,0.9,0.9,0,32,120
983,RandomFixed,984,5698444129204971871,0.9,0.9,0,32,96
984,RandomFixed,985,2346825928426114529,0.9,0.9,0,32,102
985,RandomFixed,986,7659587028418922548,0.9,0.9,0,31,95
986,RandomFixed,987,3957771132551523220,0.9,0.9,0,32,73
987,RandomFixed,988,6695338656931421244,0.9,0.9,0,32,81
988,RandomFixed,989,2517831825089887642,0.9,0.9,0,32,96
989,RandomFixed,990,8758114888080076237,0.9,0.9,0,32,108
990,RandomFixed,991,1675348579053611521,0.9,1.0,0,32,126
991,RandomFixed,992,7945377799330202942,0.9,1.0,0,31,116
992,RandomFixed,993,4259395847311796212,0.9,1.0,0,32,121
993,RandomFixed,994,5531861495338633906,0.9,1.0,0,32,83
994,RandomFixed,995,3268926290950511159,0.9,1.0,0,32,96
995,RandomFixed,996,4507118609085646331,0.9,1.0,0,32,100
996,RandomFixed,997,376087299164152046,0.9,1.0,0,32,118
997,RandomFixed,998,9219134179762628705,0.9,1.0,0,32,103
998,RandomFixed,999,5228986532865316302,0.9,1.0,0,32,92
999,RandomFixed,1000,6491000097411026430,0.9,1.0,0,32,114
1000,RandomFixed,1001,930220674157436016,1.0,0.1,0,32,19
1001,RandomFixed,1002,6099200711142312240,1.0,0.1,0,32,17
1002,RandomFixed,1003,5695963857229832846,1.0,0.1,0,32,23
1003,RandomFixed,1004,1367387049427259020,1.0,0.1,0,32,14
1004,RandomFixed,1005,6610088067291701953,1.0,0.1,0,32,25
1005,RandomFixed,1006,4160675789280853519,1.0,0.1,0,32,16
1006,RandomFixed,1007,8519603133783916041,1.0,0.1,0,32,18
1007,RandomFixed,1008,4690479950563460538,1.0,0.1,0,32,16
1008,RandomFixed,1009,2726815207091005267,1.0,0.1,0,32,19
1009,RandomFixed,1010,6783816344532418361,1.0,0.1,0,32,13
1010,RandomFixed,1011,782855805474498792,1.0,0.2,0,32,14
1011,RandomFixed,1012,6332370984441989652,1.0,0.2,0,32,13
1012,RandomFixed,1013,2462484671390624898,1.0,0.2,0,32,15
1013,RandomFixed,1014,2484714488742649504,1.0,0.2,0,32,23
1014,RandomFixed,1015,1126527023458564057,1.0,0.2,0,32,19
1015,RandomFixed,1016,3411957722574086542,1.0,0.2,0,32,15
1016,RandomFixed,1017,1958233288899749227,1.0,0.2,0,32,12
1017,RandomFixed,1018,5106522219606628854,1.0,0.2,0,31,17
1018,RandomFixed,1019,2925521192863291114,1.0,0.2,0,32,16
1019,RandomFixed,1020,6198618647011132450,1.0,0.2,0,31,20
1020,RandomFixed,1021,5758950241649875212,1.0,0.3,0,32,13
1021,RandomFixed,1022,3578419198723036344,1.0,0.3,0,32,27
1022,RandomFixed,1023,6733259041300647227,1.0,0.3,0,32,25
1023,RandomFixed,1024,4969147179957706447,1.0,0.3,0,32,18
1024,RandomFixed,1025,7381030801706964540,1.0,0.3,0,31,20
1025,RandomFixed,1026,8366986150780269341,1.0,0.3,0,32,23
1026,RandomFixed,1027,8705654969752590683,1.0,0.3,0,32,15
1027,RandomFixed,1028,6004578353404548101,1.0,0.3,0,31,14
1028,RandomFixed,1029,7394005121203829018,1.0,0.3,0,32,21
1029,RandomFixed,1030,5168465971018363649,1.0,0.3,0,32,19
1030,RandomFixed,1031,3258365815392304262,1.0,0.4,0,32,22
1031,RandomFixed,1032,2828796064268597563,1.0,0.4,0,32,26
1032,RandomFixed,1033,3744357630480389791,1.0,0.4,0,31,26
1033,RandomFixed,1034,6248302264996271782,1.0,0.4,0,32,15
1034,RandomFixed,1035,5967100161822003991,1.0,0.4,0,32,31
1035,RandomFixed,1036,116084764346476098,1.0,0.4,0,32,21
1036,RandomFixed,1037,5308656588413517214,1.0,0.4,0,32,20
1037,RandomFixed,1038,1696777659038401172,1.0,0.4,0,32,28
1038,RandomFixed,1039,3864196351693893275,1.0,0.4,0,32,25
1039,RandomFixed,1040,6931049576999897484,1.0,0.4,0,31,15
1040,RandomFixed,1041,1289962726120101444,1.0,0.5,0,32,21
1041,RandomFixed,1042,5098306621500277249,1.0,0.5,0,31,28
1042,RandomFixed,1043,2851546249549945656,1.0,0.5,0,32,25
1043,RandomFixed,1044,8081687475904499240,1.0,0.5,0,32,22
1044,RandomFixed,1045,6759548781229104377,1.0,0.5,0,32,28
1045,RandomFixed,1046,421506539045715887,1.0,0.5,0,32,33
1046,RandomFixed,1047,551044861037360588,1.0,0.5,0,32,31
1047,RandomFixed,1048,6065413462745327955,1.0,0.5,0,32,20
1048,RandomFixed,1049,7887769177075498544,1.0,0.5,0,32,24
1049,RandomFixed,1050,4813717999462637264,1.0,0.5,0,32,30
1050,RandomFixed,1051,5808356500666238015,1.0,0.6,0,31,35
1051,RandomFixed,1052,1080167129628307299,1.0,0.6,0,32,29
1052,RandomFixed,1053,7727094494183865309,1.0,0.6,0,32,33
1053,RandomFixed,1054,9138940486599012769,1.0,0.6,0,31,32
1054,RandomFixed,1055,4652865078555045168,1.0,0.6,0,32,30
1055,RandomFixed,1056,7567180242160077720,1.0,0.6,0,32,13
1056,RandomFixed,1057,471527860388555235,1.0,0.6,0,32,35
1057,RandomFixed,1058,154843715861595731,1.0,0.6,0,32,31
1058,RandomFixed,1059,4768329811918857129,1.0,0.6,0,31,45
1059,RandomFixed,1060,5371919117560367212,1.0,0.6,0,32,24
1060,RandomFixed,1061,3883320511879084363,1.0,0.7,0,32,33
1061,RandomFixed,1062,4897430371129215500,1.0,0.7,0,32,27
1062,RandomFixed,1063,1854519664691099371,1.0,0.7,0,32,49
1063,RandomFixed,1064,4110500477441540430,1.0,0.7,0,32,30
1064,RandomFixed,1065,9207860589868682727,1.0,0.7,0,31,29
1065,RandomFixed,1066,2705893062395444635,1.0,0.7,0,32,39
1066,RandomFixed,1067,4291983158517256212,1.0,0.7,0,32,37
1067,RandomFixed,1068,798176440407322678,1.0,0.7,0,32,30
1068,RandomFixed,1069,1484280172344929332,1.0,0.7,0,32,37
1069,RandomFixed,1070,5982012942270137368,1.0,0.7,0,31,32
1070,RandomFixed,1071,4015490505894754038,1.0,0.8,0,32,36
1071,RandomFixed,1072,315054283412890761,1.0,0.8,0,32,27
1072,RandomFixed,1073,900257315874610969,1.0,0.8,0,32,31
1073,RandomFixed,1074,4811945878166433806,1.0,0.8,0,32,31
1074,RandomFixed,1075,5779616582656474169,1.0,0.8,0,31,38
1075,RandomFixed,1076,220365155770158561,1.0,0.8,0,31,33
1076,RandomFixed,1077,2335966893862271428,1.0,0.8,0,32,24
1077,RandomFixed,1078,2268548249528838616,1.0,0.8,0,32,35
1078,RandomFixed,1079,4285388831111545034,1.0,0.8,0,32,39
1079,RandomFixed,1080,7685852588794708683,1.0,0.8,0,32,28
1080,RandomFixed,1081,4673251801586927748,1.0,0.9,0,32,33
1081,RandomFixed,1082,636096120872653708,1.0,0.9,0,32,27
1082,RandomFixed,1083,111328670933343943,1.0,0.9,0,32,28
1083,RandomFixed,1084,1198655558164639385,1.0,0.9,0,32,30
1084,RandomFixed,1085,5292739949583588363,1.0,0.9,0,32,42
1085,RandomFixed,1086,1445541587522870923,1.0,0.9,0,32,34
1086,RandomFixed,1087,925680558577954884,1.0,0.9,0,32,40
1087,RandomFixed,1088,1503281064883046471,1.0,0.9,0,32,25
1088,RandomFixed,1089,161120852060277087,1.0,0.9,0,32,34
1089,RandomFixed,1090,1983098298672674877,1.0,0.9,0,31,38
1090,RandomFixed,1091,8941523066685542306,1.0,1.0,0,32,32
1091,RandomFixed,1092,2183565199490152766,1.0,1.0,0,32,33
1092,RandomFixed,1093,3419520445068563107,1.0,1.0,0,31,58
1093,RandomFixed,1094,7692134445850825219,1.0,1.0,0,32,36
1094,RandomFixed,1095,7714387778499224634,1.0,1.0,0,32,35
1095,RandomFixed,1096,555858737356473370,1.0,1.0,0,32,41
1096,RandomFixed,1097,5692153937894976052,1.0,1.0,0,31,49
1097,RandomFixed,1098,8642021537610145686,1.0,1.0,0,32,31
1098,RandomFixed,1099,8533287634515682151,1.0,1.0,0,32,36
1099,RandomFixed,1100,6972154237094222289,1.0,1.0,0,32,35
