Scenario,Trial,Seed,Alpha,Beta,Gamma,Drones,Victims,Score
ScenarioSize64Probes32WeightedWalkB,1,880879381715801850,0.0,0.5,0.0,32,204,0.199
ScenarioSize64Probes32WeightedWalkB,2,1726760884372734954,0.0,0.5,0.0,32,185,0.2137
ScenarioSize64Probes32WeightedWalkB,3,4258223208824758363,0.0,0.5,0.0,32,181,0.205
ScenarioSize64Probes32WeightedWalkB,4,2933576904639372249,0.0,0.5,0.0,32,162,0.1907
ScenarioSize64Probes32WeightedWalkB,5,1619482046725515514,0.0,0.5,0.0,32,203,0.204
ScenarioSize64Probes32WeightedWalkB,6,8295202924942681088,0.0,0.5,0.0,32,210,0.202
ScenarioSize64Probes32WeightedWalkB,7,6220178296303381513,0.0,0.5,0.0,32,183,0.2026
ScenarioSize64Probes32WeightedWalkB,8,6524421527956593628,0.0,0.5,0.0,32,177,0.198
ScenarioSize64Probes32WeightedWalkB,9,1279641774440027009,0.0,0.5,0.0,32,175,0.2138
ScenarioSize64Probes32WeightedWalkB,10,7094737511858396355,0.0,0.5,0.0,32,184,0.2023
ScenarioSize64Probes32WeightedWalkB,11,7842193693029557975,0.0,0.5,0.0,32,181,0.1998
ScenarioSize64Probes32WeightedWalkB,12,2392680491109428476,0.0,0.5,0.0,32,152,0.1884
ScenarioSize64Probes32WeightedWalkB,13,3866198558357324097,0.0,0.5,0.0,32,181,0.2001
ScenarioSize64Probes32WeightedWalkB,14,1395931845597272999,0.0,0.5,0.0,32,160,0.1975
ScenarioSize64Probes32WeightedWalkB,15,2411645404100907887,0.0,0.5,0.0,32,192,0.2008
ScenarioSize64Probes32WeightedWalkB,16,3005318628866213391,0.0,0.5,0.0,32,179,0.1997
ScenarioSize64Probes32WeightedWalkB,17,1188136200599286222,0.0,0.5,0.0,32,174,0.2017
ScenarioSize64Probes32WeightedWalkB,18,679805008651456991,0.0,0.5,0.0,32,153,0.1992
ScenarioSize64Probes32WeightedWalkB,19,2317393341493435360,0.0,0.5,0.0,32,167,0.2011
ScenarioSize64Probes32WeightedWalkB,20,4066160913880139597,0.0,0.5,0.0,32,186,0.2032
ScenarioSize64Probes32WeightedWalkB,21,880879381715801850,0.0,0.75,0.0,32,270,0.2951
ScenarioSize64Probes32WeightedWalkB,22,1726760884372734954,0.0,0.75,0.0,32,266,0.3068
ScenarioSize64Probes32WeightedWalkB,23,4258223208824758363,0.0,0.75,0.0,32,234,0.2965
ScenarioSize64Probes32WeightedWalkB,24,2933576904639372249,0.0,0.75,0.0,32,231,0.3095
ScenarioSize64Probes32WeightedWalkB,25,1619482046725515514,0.0,0.75,0.0,32,256,0.3139
ScenarioSize64Probes32WeightedWalkB,26,8295202924942681088,0.0,0.75,0.0,32,258,0.3232
ScenarioSize64Probes32WeightedWalkB,27,6220178296303381513,0.0,0.75,0.0,32,239,0.3019
ScenarioSize64Probes32WeightedWalkB,28,6524421527956593628,0.0,0.75,0.0,32,233,0.3013
ScenarioSize64Probes32WeightedWalkB,29,1279641774440027009,0.0,0.75,0.0,32,255,0.2923
ScenarioSize64Probes32WeightedWalkB,30,7094737511858396355,0.0,0.75,0.0,32,253,0.3149
ScenarioSize64Probes32WeightedWalkB,31,7842193693029557975,0.0,0.75,0.0,32,273,0.2929
ScenarioSize64Probes32WeightedWalkB,32,2392680491109428476,0.0,0.75,0.0,32,251,0.2951
ScenarioSize64Probes32WeightedWalkB,33,3866198558357324097,0.0,0.75,0.0,32,266,0.3028
ScenarioSize64Probes32WeightedWalkB,34,1395931845597272999,0.0,0.75,0.0,32,231,0.3022
ScenarioSize64Probes32WeightedWalkB,35,2411645404100907887,0.0,0.75,0.0,32,269,0.3096
ScenarioSize64Probes32WeightedWalkB,36,3005318628866213391,0.0,0.75,0.0,32,255,0.3005
ScenarioSize64Probes32WeightedWalkB,37,1188136200599286222,0.0,0.75,0.0,32,252,0.312
ScenarioSize64Probes32WeightedWalkB,38,679805008651456991,0.0,0.75,0.0,32,261,0.2984
ScenarioSize64Probes32WeightedWalkB,39,2317393341493435360,0.0,0.75,0.0,32,243,0.3054
ScenarioSize64Probes32WeightedWalkB,40,4066160913880139597,0.0,0.75,0.0,32,282,0.3013
ScenarioSize64Probes32WeightedWalkB,41,880879381715801850,0.0,1.0,0.0,32,352,0.4763
ScenarioSize64Probes32WeightedWalkB,42,1726760884372734954,0.0,1.0,0.0,32,337,0.4407
ScenarioSize64Probes32WeightedWalkB,43,4258223208824758363,0.0,1.0,0.0,32,318,0.4683
ScenarioSize64Probes32WeightedWalkB,44,2933576904639372249,0.0,1.0,0.0,32,315,0.4258
ScenarioSize64Probes32WeightedWalkB,45,1619482046725515514,0.0,1.0,0.0,32,309,0.4636
ScenarioSize64Probes32WeightedWalkB,46,8295202924942681088,0.0,1.0,0.0,32,314,0.4255
ScenarioSize64Probes32WeightedWalkB,47,6220178296303381513,0.0,1.0,0.0,32,307,0.4294
ScenarioSize64Probes32WeightedWalkB,48,6524421527956593628,0.0,1.0,0.0,32,336,0.4456
ScenarioSize64Probes32WeightedWalkB,49,1279641774440027009,0.0,1.0,0.0,32,315,0.394
ScenarioSize64Probes32WeightedWalkB,50,7094737511858396355,0.0,1.0,0.0,32,288,0.436
ScenarioSize64Probes32WeightedWalkB,51,7842193693029557975,0.0,1.0,0.0,32,338,0.479
ScenarioSize64Probes32WeightedWalkB,52,2392680491109428476,0.0,1.0,0.0,32,352,0.4358
ScenarioSize64Probes32WeightedWalkB,53,3866198558357324097,0.0,1.0,0.0,32,317,0.4351
ScenarioSize64Probes32WeightedWalkB,54,1395931845597272999,0.0,1.0,0.0,32,343,0.5034
ScenarioSize64Probes32WeightedWalkB,55,2411645404100907887,0.0,1.0,0.0,32,308,0.4221
ScenarioSize64Probes32WeightedWalkB,56,3005318628866213391,0.0,1.0,0.0,32,323,0.4668
ScenarioSize64Probes32WeightedWalkB,57,1188136200599286222,0.0,1.0,0.0,32,336,0.4473
ScenarioSize64Probes32WeightedWalkB,58,679805008651456991,0.0,1.0,0.0,32,332,0.4399
ScenarioSize64Probes32WeightedWalkB,59,2317393341493435360,0.0,1.0,0.0,32,319,0.4514
ScenarioSize64Probes32WeightedWalkB,60,4066160913880139597,0.0,1.0,0.0,32,367,0.4695
ScenarioSize64Probes32WeightedWalkB,61,880879381715801850,0.25,0.5,0.0,32,218,0.2019
ScenarioSize64Probes32WeightedWalkB,62,1726760884372734954,0.25,0.5,0.0,32,181,0.1952
ScenarioSize64Probes32WeightedWalkB,63,4258223208824758363,0.25,0.5,0.0,32,181,0.2007
ScenarioSize64Probes32WeightedWalkB,64,2933576904639372249,0.25,0.5,0.0,32,190,0.204
ScenarioSize64Probes32WeightedWalkB,65,1619482046725515514,0.25,0.5,0.0,32,185,0.2021
ScenarioSize64Probes32WeightedWalkB,66,8295202924942681088,0.25,0.5,0.0,32,181,0.1997
ScenarioSize64Probes32WeightedWalkB,67,6220178296303381513,0.25,0.5,0.0,32,187,0.1999
ScenarioSize64Probes32WeightedWalkB,68,6524421527956593628,0.25,0.5,0.0,32,173,0.1933
ScenarioSize64Probes32WeightedWalkB,69,1279641774440027009,0.25,0.5,0.0,32,175,0.1993
ScenarioSize64Probes32WeightedWalkB,70,7094737511858396355,0.25,0.5,0.0,32,178,0.1993
ScenarioSize64Probes32WeightedWalkB,71,7842193693029557975,0.25,0.5,0.0,32,189,0.1984
ScenarioSize64Probes32WeightedWalkB,72,2392680491109428476,0.25,0.5,0.0,32,180,0.2059
ScenarioSize64Probes32WeightedWalkB,73,3866198558357324097,0.25,0.5,0.0,32,170,0.1958
ScenarioSize64Probes32WeightedWalkB,74,1395931845597272999,0.25,0.5,0.0,32,182,0.2057
ScenarioSize64Probes32WeightedWalkB,75,2411645404100907887,0.25,0.5,0.0,32,178,0.1942
ScenarioSize64Probes32WeightedWalkB,76,3005318628866213391,0.25,0.5,0.0,32,185,0.2028
ScenarioSize64Probes32WeightedWalkB,77,1188136200599286222,0.25,0.5,0.0,32,188,0.2039
ScenarioSize64Probes32WeightedWalkB,78,679805008651456991,0.25,0.5,0.0,32,175,0.1988
ScenarioSize64Probes32WeightedWalkB,79,2317393341493435360,0.25,0.5,0.0,32,169,0.204
ScenarioSize64Probes32WeightedWalkB,80,4066160913880139597,0.25,0.5,0.0,32,202,0.2118
ScenarioSize64Probes32WeightedWalkB,81,880879381715801850,0.25,0.75,0.0,32,272,0.3104
ScenarioSize64Probes32WeightedWalkB,82,1726760884372734954,0.25,0.75,0.0,32,279,0.3066
ScenarioSize64Probes32WeightedWalkB,83,4258223208824758363,0.25,0.75,0.0,32,235,0.3011
ScenarioSize64Probes32WeightedWalkB,84,2933576904639372249,0.25,0.75,0.0,32,259,0.3169
ScenarioSize64Probes32WeightedWalkB,85,1619482046725515514,0.25,0.75,0.0,32,272,0.2999
ScenarioSize64Probes32WeightedWalkB,86,8295202924942681088,0.25,0.75,0.0,32,294,0.3129
ScenarioSize64Probes32WeightedWalkB,87,6220178296303381513,0.25,0.75,0.0,32,258,0.3075
ScenarioSize64Probes32WeightedWalkB,88,6524421527956593628,0.25,0.75,0.0,32,258,0.2897
ScenarioSize64Probes32WeightedWalkB,89,1279641774440027009,0.25,0.75,0.0,32,262,0.2923
ScenarioSize64Probes32WeightedWalkB,90,7094737511858396355,0.25,0.75,0.0,32,236,0.2991
ScenarioSize64Probes32WeightedWalkB,91,7842193693029557975,0.25,0.75,0.0,32,274,0.3222
ScenarioSize64Probes32WeightedWalkB,92,2392680491109428476,0.25,0.75,0.0,32,232,0.3051
ScenarioSize64Probes32WeightedWalkB,93,3866198558357324097,0.25,0.75,0.0,32,272,0.3036
ScenarioSize64Probes32WeightedWalkB,94,1395931845597272999,0.25,0.75,0.0,32,235,0.298
ScenarioSize64Probes32WeightedWalkB,95,2411645404100907887,0.25,0.75,0.0,32,263,0.3242
ScenarioSize64Probes32WeightedWalkB,96,3005318628866213391,0.25,0.75,0.0,32,263,0.3061
ScenarioSize64Probes32WeightedWalkB,97,1188136200599286222,0.25,0.75,0.0,32,258,0.3003
ScenarioSize64Probes32WeightedWalkB,98,679805008651456991,0.25,0.75,0.0,32,263,0.3041
ScenarioSize64Probes32WeightedWalkB,99,2317393341493435360,0.25,0.75,0.0,32,250,0.2961
ScenarioSize64Probes32WeightedWalkB,100,4066160913880139597,0.25,0.75,0.0,32,291,0.3154
ScenarioSize64Probes32WeightedWalkB,101,880879381715801850,0.25,1.0,0.0,32,338,0.4609
ScenarioSize64Probes32WeightedWalkB,102,1726760884372734954,0.25,1.0,0.0,32,316,0.4111
ScenarioSize64Probes32WeightedWalkB,103,4258223208824758363,0.25,1.0,0.0,32,314,0.437
ScenarioSize64Probes32WeightedWalkB,104,2933576904639372249,0.25,1.0,0.0,32,329,0.4631
ScenarioSize64Probes32WeightedWalkB,105,1619482046725515514,0.25,1.0,0.0,32,377,0.4712
ScenarioSize64Probes32WeightedWalkB,106,8295202924942681088,0.25,1.0,0.0,32,342,0.4573
ScenarioSize64Probes32WeightedWalkB,107,6220178296303381513,0.25,1.0,0.0,32,324,0.4517
ScenarioSize64Probes32WeightedWalkB,108,6524421527956593628,0.25,1.0,0.0,32,322,0.457
ScenarioSize64Probes32WeightedWalkB,109,1279641774440027009,0.25,1.0,0.0,32,330,0.4304
ScenarioSize64Probes32WeightedWalkB,110,7094737511858396355,0.25,1.0,0.0,32,303,0.4631
ScenarioSize64Probes32WeightedWalkB,111,7842193693029557975,0.25,1.0,0.0,32,336,0.426
ScenarioSize64Probes32WeightedWalkB,112,2392680491109428476,0.25,1.0,0.0,32,326,0.4778
ScenarioSize64Probes32WeightedWalkB,113,3866198558357324097,0.25,1.0,0.0,32,323,0.4258
ScenarioSize64Probes32WeightedWalkB,114,1395931845597272999,0.25,1.0,0.0,32,329,0.4714
ScenarioSize64Probes32WeightedWalkB,115,2411645404100907887,0.25,1.0,0.0,32,339,0.4492
ScenarioSize64Probes32WeightedWalkB,116,3005318628866213391,0.25,1.0,0.0,32,314,0.46
ScenarioSize64Probes32WeightedWalkB,117,1188136200599286222,0.25,1.0,0.0,32,303,0.4272
ScenarioSize64Probes32WeightedWalkB,118,679805008651456991,0.25,1.0,0.0,32,336,0.4353
ScenarioSize64Probes32WeightedWalkB,119,2317393341493435360,0.25,1.0,0.0,32,323,0.4465
ScenarioSize64Probes32WeightedWalkB,120,4066160913880139597,0.25,1.0,0.0,32,324,0.4404
ScenarioSize64Probes32WeightedWalkB,121,880879381715801850,0.5,0.5,0.0,32,208,0.2035
ScenarioSize64Probes32WeightedWalkB,122,1726760884372734954,0.5,0.5,0.0,32,178,0.2049
ScenarioSize64Probes32WeightedWalkB,123,4258223208824758363,0.5,0.5,0.0,32,189,0.2007
ScenarioSize64Probes32WeightedWalkB,124,2933576904639372249,0.5,0.5,0.0,32,177,0.2026
ScenarioSize64Probes32WeightedWalkB,125,1619482046725515514,0.5,0.5,0.0,32,196,0.1889
ScenarioSize64Probes32WeightedWalkB,126,8295202924942681088,0.5,0.5,0.0,32,173,0.2033
ScenarioSize64Probes32WeightedWalkB,127,6220178296303381513,0.5,0.5,0.0,32,171,0.196
ScenarioSize64Probes32WeightedWalkB,128,6524421527956593628,0.5,0.5,0.0,32,175,0.1978
ScenarioSize64Probes32WeightedWalkB,129,1279641774440027009,0.5,0.5,0.0,32,179,0.1888
ScenarioSize64Probes32WeightedWalkB,130,7094737511858396355,0.5,0.5,0.0,32,180,0.1983
ScenarioSize64Probes32WeightedWalkB,131,7842193693029557975,0.5,0.5,0.0,32,201,0.204
ScenarioSize64Probes32WeightedWalkB,132,2392680491109428476,0.5,0.5,0.0,32,172,0.1942
ScenarioSize64Probes32WeightedWalkB,133,3866198558357324097,0.5,0.5,0.0,32,192,0.2073
ScenarioSize64Probes32WeightedWalkB,134,1395931845597272999,0.5,0.5,0.0,32,157,0.1937
ScenarioSize64Probes32WeightedWalkB,135,2411645404100907887,0.5,0.5,0.0,32,200,0.2016
ScenarioSize64Probes32WeightedWalkB,136,3005318628866213391,0.5,0.5,0.0,32,210,0.2088
ScenarioSize64Probes32WeightedWalkB,137,1188136200599286222,0.5,0.5,0.0,32,183,0.1981
ScenarioSize64Probes32WeightedWalkB,138,679805008651456991,0.5,0.5,0.0,32,192,0.2014
ScenarioSize64Probes32WeightedWalkB,139,2317393341493435360,0.5,0.5,0.0,32,173,0.1984
ScenarioSize64Probes32WeightedWalkB,140,4066160913880139597,0.5,0.5,0.0,32,190,0.1932
ScenarioSize64Probes32WeightedWalkB,141,880879381715801850,0.5,0.75,0.0,32,290,0.2983
ScenarioSize64Probes32WeightedWalkB,142,1726760884372734954,0.5,0.75,0.0,32,262,0.2995
ScenarioSize64Probes32WeightedWalkB,143,4258223208824758363,0.5,0.75,0.0,32,253,0.3032
ScenarioSize64Probes32WeightedWalkB,144,2933576904639372249,0.5,0.75,0.0,32,254,0.3074
ScenarioSize64Probes32WeightedWalkB,145,1619482046725515514,0.5,0.75,0.0,32,289,0.3127
ScenarioSize64Probes32WeightedWalkB,146,8295202924942681088,0.5,0.75,0.0,32,258,0.2974
ScenarioSize64Probes32WeightedWalkB,147,6220178296303381513,0.5,0.75,0.0,32,238,0.2924
ScenarioSize64Probes32WeightedWalkB,148,6524421527956593628,0.5,0.75,0.0,32,295,0.3188
ScenarioSize64Probes32WeightedWalkB,149,1279641774440027009,0.5,0.75,0.0,32,252,0.2906
ScenarioSize64Probes32WeightedWalkB,150,7094737511858396355,0.5,0.75,0.0,32,237,0.3134
ScenarioSize64Probes32WeightedWalkB,151,7842193693029557975,0.5,0.75,0.0,32,276,0.2957
ScenarioSize64Probes32WeightedWalkB,152,2392680491109428476,0.5,0.75,0.0,32,272,0.3087
ScenarioSize64Probes32WeightedWalkB,153,3866198558357324097,0.5,0.75,0.0,32,253,0.3034
ScenarioSize64Probes32WeightedWalkB,154,1395931845597272999,0.5,0.75,0.0,32,261,0.316
ScenarioSize64Probes32WeightedWalkB,155,2411645404100907887,0.5,0.75,0.0,32,281,0.3125
ScenarioSize64Probes32WeightedWalkB,156,3005318628866213391,0.5,0.75,0.0,32,265,0.3021
ScenarioSize64Probes32WeightedWalkB,157,1188136200599286222,0.5,0.75,0.0,32,248,0.3286
ScenarioSize64Probes32WeightedWalkB,158,679805008651456991,0.5,0.75,0.0,32,258,0.3041
ScenarioSize64Probes32WeightedWalkB,159,2317393341493435360,0.5,0.75,0.0,32,281,0.3062
ScenarioSize64Probes32WeightedWalkB,160,4066160913880139597,0.5,0.75,0.0,32,291,0.3163
ScenarioSize64Probes32WeightedWalkB,161,880879381715801850,0.5,1.0,0.0,32,355,0.438
ScenarioSize64Probes32WeightedWalkB,162,1726760884372734954,0.5,1.0,0.0,32,351,0.4326
ScenarioSize64Probes32WeightedWalkB,163,4258223208824758363,0.5,1.0,0.0,32,303,0.4209
ScenarioSize64Probes32WeightedWalkB,164,2933576904639372249,0.5,1.0,0.0,32,327,0.4392
ScenarioSize64Probes32WeightedWalkB,165,1619482046725515514,0.5,1.0,0.0,32,357,0.4482
ScenarioSize64Probes32WeightedWalkB,166,8295202924942681088,0.5,1.0,0.0,32,330,0.436
ScenarioSize64Probes32WeightedWalkB,167,6220178296303381513,0.5,1.0,0.0,32,325,0.4209
ScenarioSize64Probes32WeightedWalkB,168,6524421527956593628,0.5,1.0,0.0,32,361,0.4731
ScenarioSize64Probes32WeightedWalkB,169,1279641774440027009,0.5,1.0,0.0,32,345,0.4407
ScenarioSize64Probes32WeightedWalkB,170,7094737511858396355,0.5,1.0,0.0,32,343,0.4729
ScenarioSize64Probes32WeightedWalkB,171,7842193693029557975,0.5,1.0,0.0,32,358,0.4651
ScenarioSize64Probes32WeightedWalkB,172,2392680491109428476,0.5,1.0,0.0,32,343,0.4226
ScenarioSize64Probes32WeightedWalkB,173,3866198558357324097,0.5,1.0,0.0,32,323,0.4382
ScenarioSize64Probes32WeightedWalkB,174,1395931845597272999,0.5,1.0,0.0,32,342,0.4675
ScenarioSize64Probes32WeightedWalkB,175,2411645404100907887,0.5,1.0,0.0,32,336,0.4336
ScenarioSize64Probes32WeightedWalkB,176,3005318628866213391,0.5,1.0,0.0,32,342,0.4299
ScenarioSize64Probes32WeightedWalkB,177,1188136200599286222,0.5,1.0,0.0,32,350,0.4507
ScenarioSize64Probes32WeightedWalkB,178,679805008651456991,0.5,1.0,0.0,32,340,0.4436
ScenarioSize64Probes32WeightedWalkB,179,2317393341493435360,0.5,1.0,0.0,32,338,0.4602
ScenarioSize64Probes32WeightedWalkB,180,4066160913880139597,0.5,1.0,0.0,32,350,0.4509
ScenarioSize64Probes32WeightedWalkB,181,880879381715801850,0.75,0.5,0.0,32,201,0.2027
ScenarioSize64Probes32WeightedWalkB,182,1726760884372734954,0.75,0.5,0.0,32,191,0.1917
ScenarioSize64Probes32WeightedWalkB,183,4258223208824758363,0.75,0.5,0.0,32,196,0.2068
ScenarioSize64Probes32WeightedWalkB,184,2933576904639372249,0.75,0.5,0.0,32,178,0.2013
ScenarioSize64Probes32WeightedWalkB,185,1619482046725515514,0.75,0.5,0.0,32,197,0.2023
ScenarioSize64Probes32WeightedWalkB,186,8295202924942681088,0.75,0.5,0.0,32,210,0.1955
ScenarioSize64Probes32WeightedWalkB,187,6220178296303381513,0.75,0.5,0.0,32,180,0.202
ScenarioSize64Probes32WeightedWalkB,188,6524421527956593628,0.75,0.5,0.0,32,171,0.1913
ScenarioSize64Probes32WeightedWalkB,189,1279641774440027009,0.75,0.5,0.0,32,193,0.2045
ScenarioSize64Probes32WeightedWalkB,190,7094737511858396355,0.75,0.5,0.0,32,179,0.1996
ScenarioSize64Probes32WeightedWalkB,191,7842193693029557975,0.75,0.5,0.0,32,183,0.1962
ScenarioSize64Probes32WeightedWalkB,192,2392680491109428476,0.75,0.5,0.0,32,212,0.2019
ScenarioSize64Probes32WeightedWalkB,193,3866198558357324097,0.75,0.5,0.0,32,196,0.1985
ScenarioSize64Probes32WeightedWalkB,194,1395931845597272999,0.75,0.5,0.0,32,157,0.1981
ScenarioSize64Probes32WeightedWalkB,195,2411645404100907887,0.75,0.5,0.0,32,193,0.2008
ScenarioSize64Probes32WeightedWalkB,196,3005318628866213391,0.75,0.5,0.0,32,207,0.1975
ScenarioSize64Probes32WeightedWalkB,197,1188136200599286222,0.75,0.5,0.0,32,180,0.2
ScenarioSize64Probes32WeightedWalkB,198,679805008651456991,0.75,0.5,0.0,32,174,0.2013
ScenarioSize64Probes32WeightedWalkB,199,2317393341493435360,0.75,0.5,0.0,32,176,0.1965
ScenarioSize64Probes32WeightedWalkB,200,4066160913880139597,0.75,0.5,0.0,32,184,0.1989
ScenarioSize64Probes32WeightedWalkB,201,880879381715801850,0.75,0.75,0.0,32,287,0.3058
ScenarioSize64Probes32WeightedWalkB,202,1726760884372734954,0.75,0.75,0.0,32,278,0.2914
ScenarioSize64Probes32WeightedWalkB,203,4258223208824758363,0.75,0.75,0.0,32,262,0.301
ScenarioSize64Probes32WeightedWalkB,204,2933576904639372249,0.75,0.75,0.0,32,279,0.311
ScenarioSize64Probes32WeightedWalkB,205,1619482046725515514,0.75,0.75,0.0,32,292,0.3163
ScenarioSize64Probes32WeightedWalkB,206,8295202924942681088,0.75,0.75,0.0,32,293,0.3149
ScenarioSize64Probes32WeightedWalkB,207,6220178296303381513,0.75,0.75,0.0,32,256,0.2927
ScenarioSize64Probes32WeightedWalkB,208,6524421527956593628,0.75,0.75,0.0,32,279,0.3106
ScenarioSize64Probes32WeightedWalkB,209,1279641774440027009,0.75,0.75,0.0,32,292,0.3066
ScenarioSize64Probes32WeightedWalkB,210,7094737511858396355,0.75,0.75,0.0,32,258,0.308
ScenarioSize64Probes32WeightedWalkB,211,7842193693029557975,0.75,0.75,0.0,32,277,0.3128
ScenarioSize64Probes32WeightedWalkB,212,2392680491109428476,0.75,0.75,0.0,32,260,0.3085
ScenarioSize64Probes32WeightedWalkB,213,3866198558357324097,0.75,0.75,0.0,32,275,0.3129
ScenarioSize64Probes32WeightedWalkB,214,1395931845597272999,0.75,0.75,0.0,32,305,0.3188
ScenarioSize64Probes32WeightedWalkB,215,2411645404100907887,0.75,0.75,0.0,32,273,0.3133
ScenarioSize64Probes32WeightedWalkB,216,3005318628866213391,0.75,0.75,0.0,32,269,0.3065
ScenarioSize64Probes32WeightedWalkB,217,1188136200599286222,0.75,0.75,0.0,32,261,0.2979
ScenarioSize64Probes32WeightedWalkB,218,679805008651456991,0.75,0.75,0.0,32,259,0.3003
ScenarioSize64Probes32WeightedWalkB,219,2317393341493435360,0.75,0.75,0.0,32,302,0.3109
ScenarioSize64Probes32WeightedWalkB,220,4066160913880139597,0.75,0.75,0.0,32,291,0.3061
ScenarioSize64Probes32WeightedWalkB,221,880879381715801850,0.75,1.0,0.0,32,411,0.4524
ScenarioSize64Probes32WeightedWalkB,222,1726760884372734954,0.75,1.0,0.0,32,413,0.4341
ScenarioSize64Probes32WeightedWalkB,223,4258223208824758363,0.75,1.0,0.0,32,351,0.4734
ScenarioSize64Probes32WeightedWalkB,224,2933576904639372249,0.75,1.0,0.0,32,388,0.4524
ScenarioSize64Probes32WeightedWalkB,225,1619482046725515514,0.75,1.0,0.0,32,378,0.45
ScenarioSize64Probes32WeightedWalkB,226,8295202924942681088,0.75,1.0,0.0,32,374,0.4333
ScenarioSize64Probes32WeightedWalkB,227,6220178296303381513,0.75,1.0,0.0,32,338,0.4294
ScenarioSize64Probes32WeightedWalkB,228,6524421527956593628,0.75,1.0,0.0,32,342,0.4338
ScenarioSize64Probes32WeightedWalkB,229,1279641774440027009,0.75,1.0,0.0,32,371,0.4446
ScenarioSize64Probes32WeightedWalkB,230,7094737511858396355,0.75,1.0,0.0,32,405,0.4795
ScenarioSize64Probes32WeightedWalkB,231,7842193693029557975,0.75,1.0,0.0,32,356,0.4373
ScenarioSize64Probes32WeightedWalkB,232,2392680491109428476,0.75,1.0,0.0,32,354,0.4478
ScenarioSize64Probes32WeightedWalkB,233,3866198558357324097,0.75,1.0,0.0,32,372,0.4614
ScenarioSize64Probes32WeightedWalkB,234,1395931845597272999,0.75,1.0,0.0,32,349,0.4312
ScenarioSize64Probes32WeightedWalkB,235,2411645404100907887,0.75,1.0,0.0,32,370,0.449
ScenarioSize64Probes32WeightedWalkB,236,3005318628866213391,0.75,1.0,0.0,32,382,0.46
ScenarioSize64Probes32WeightedWalkB,237,1188136200599286222,0.75,1.0,0.0,32,352,0.4197
ScenarioSize64Probes32WeightedWalkB,238,679805008651456991,0.75,1.0,0.0,32,370,0.4243
ScenarioSize64Probes32WeightedWalkB,239,2317393341493435360,0.75,1.0,0.0,32,373,0.4626
ScenarioSize64Probes32WeightedWalkB,240,4066160913880139597,0.75,1.0,0.0,32,372,0.4602
ScenarioSize64Probes32WeightedWalkB,241,880879381715801850,1.0,0.5,0.0,32,266,0.2058
ScenarioSize64Probes32WeightedWalkB,242,1726760884372734954,1.0,0.5,0.0,32,250,0.1987
ScenarioSize64Probes32WeightedWalkB,243,4258223208824758363,1.0,0.5,0.0,32,240,0.2048
ScenarioSize64Probes32WeightedWalkB,244,2933576904639372249,1.0,0.5,0.0,32,227,0.2013
ScenarioSize64Probes32WeightedWalkB,245,1619482046725515514,1.0,0.5,0.0,32,248,0.1971
ScenarioSize64Probes32WeightedWalkB,246,8295202924942681088,1.0,0.5,0.0,32,242,0.1961
ScenarioSize64Probes32WeightedWalkB,247,6220178296303381513,1.0,0.5,0.0,32,233,0.2032
ScenarioSize64Probes32WeightedWalkB,248,6524421527956593628,1.0,0.5,0.0,32,232,0.1966
ScenarioSize64Probes32WeightedWalkB,249,1279641774440027009,1.0,0.5,0.0,32,245,0.2002
ScenarioSize64Probes32WeightedWalkB,250,7094737511858396355,1.0,0.5,0.0,32,229,0.1978
ScenarioSize64Probes32WeightedWalkB,251,7842193693029557975,1.0,0.5,0.0,32,242,0.1945
ScenarioSize64Probes32WeightedWalkB,252,2392680491109428476,1.0,0.5,0.0,32,243,0.2029
ScenarioSize64Probes32WeightedWalkB,253,3866198558357324097,1.0,0.5,0.0,32,239,0.2053
ScenarioSize64Probes32WeightedWalkB,254,1395931845597272999,1.0,0.5,0.0,32,216,0.1977
ScenarioSize64Probes32WeightedWalkB,255,2411645404100907887,1.0,0.5,0.0,32,254,0.2055
ScenarioSize64Probes32WeightedWalkB,256,3005318628866213391,1.0,0.5,0.0,32,246,0.1986
ScenarioSize64Probes32WeightedWalkB,257,1188136200599286222,1.0,0.5,0.0,32,216,0.1933
ScenarioSize64Probes32WeightedWalkB,258,679805008651456991,1.0,0.5,0.0,32,256,0.2044
ScenarioSize64Probes32WeightedWalkB,259,2317393341493435360,1.0,0.5,0.0,32,219,0.1956
ScenarioSize64Probes32WeightedWalkB,260,4066160913880139597,1.0,0.5,0.0,32,242,0.2033
ScenarioSize64Probes32WeightedWalkB,261,880879381715801850,1.0,0.75,0.0,32,366,0.3073
ScenarioSize64Probes32WeightedWalkB,262,1726760884372734954,1.0,0.75,0.0,32,372,0.3074
ScenarioSize64Probes32WeightedWalkB,263,4258223208824758363,1.0,0.75,0.0,32,349,0.316
ScenarioSize64Probes32WeightedWalkB,264,2933576904639372249,1.0,0.75,0.0,32,345,0.3081
ScenarioSize64Probes32WeightedWalkB,265,1619482046725515514,1.0,0.75,0.0,32,345,0.2936
ScenarioSize64Probes32WeightedWalkB,266,8295202924942681088,1.0,0.75,0.0,32,362,0.308
ScenarioSize64Probes32WeightedWalkB,267,6220178296303381513,1.0,0.75,0.0,32,334,0.3019
ScenarioSize64Probes32WeightedWalkB,268,6524421527956593628,1.0,0.75,0.0,32,361,0.2952
ScenarioSize64Probes32WeightedWalkB,269,1279641774440027009,1.0,0.75,0.0,32,373,0.3149
ScenarioSize64Probes32WeightedWalkB,270,7094737511858396355,1.0,0.75,0.0,32,337,0.301
ScenarioSize64Probes32WeightedWalkB,271,7842193693029557975,1.0,0.75,0.0,32,358,0.2999
ScenarioSize64Probes32WeightedWalkB,272,2392680491109428476,1.0,0.75,0.0,32,346,0.3065
ScenarioSize64Probes32WeightedWalkB,273,3866198558357324097,1.0,0.75,0.0,32,306,0.2849
ScenarioSize64Probes32WeightedWalkB,274,1395931845597272999,1.0,0.75,0.0,32,308,0.2993
ScenarioSize64Probes32WeightedWalkB,275,2411645404100907887,1.0,0.75,0.0,32,328,0.2886
ScenarioSize64Probes32WeightedWalkB,276,3005318628866213391,1.0,0.75,0.0,32,355,0.3045
ScenarioSize64Probes32WeightedWalkB,277,1188136200599286222,1.0,0.75,0.0,32,337,0.2935
ScenarioSize64Probes32WeightedWalkB,278,679805008651456991,1.0,0.75,0.0,32,350,0.3026
ScenarioSize64Probes32WeightedWalkB,279,2317393341493435360,1.0,0.75,0.0,32,347,0.3114
ScenarioSize64Probes32WeightedWalkB,280,4066160913880139597,1.0,0.75,0.0,32,345,0.2979
ScenarioSize64Probes32WeightedWalkB,281,880879381715801850,1.0,1.0,0.0,32,534,0.4585
ScenarioSize64Probes32WeightedWalkB,282,1726760884372734954,1.0,1.0,0.0,32,548,0.4858
ScenarioSize64Probes32WeightedWalkB,283,4258223208824758363,1.0,1.0,0.0,32,497,0.4592
ScenarioSize64Probes32WeightedWalkB,284,2933576904639372249,1.0,1.0,0.0,32,530,0.4724
ScenarioSize64Probes32WeightedWalkB,285,1619482046725515514,1.0,1.0,0.0,32,526,0.4661
ScenarioSize64Probes32WeightedWalkB,286,8295202924942681088,1.0,1.0,0.0,32,539,0.4592
ScenarioSize64Probes32WeightedWalkB,287,6220178296303381513,1.0,1.0,0.0,32,517,0.4739
ScenarioSize64Probes32WeightedWalkB,288,6524421527956593628,1.0,1.0,0.0,32,484,0.4231
ScenarioSize64Probes32WeightedWalkB,289,1279641774440027009,1.0,1.0,0.0,32,500,0.4607
ScenarioSize64Probes32WeightedWalkB,290,7094737511858396355,1.0,1.0,0.0,32,477,0.4495
ScenarioSize64Probes32WeightedWalkB,291,7842193693029557975,1.0,1.0,0.0,32,468,0.4387
ScenarioSize64Probes32WeightedWalkB,292,2392680491109428476,1.0,1.0,0.0,32,496,0.4578
ScenarioSize64Probes32WeightedWalkB,293,3866198558357324097,1.0,1.0,0.0,32,518,0.4668
ScenarioSize64Probes32WeightedWalkB,294,1395931845597272999,1.0,1.0,0.0,32,469,0.4539
ScenarioSize64Probes32WeightedWalkB,295,2411645404100907887,1.0,1.0,0.0,32,506,0.4653
ScenarioSize64Probes32WeightedWalkB,296,3005318628866213391,1.0,1.0,0.0,32,518,0.4663
ScenarioSize64Probes32WeightedWalkB,297,1188136200599286222,1.0,1.0,0.0,32,471,0.4312
ScenarioSize64Probes32WeightedWalkB,298,679805008651456991,1.0,1.0,0.0,32,480,0.4409
ScenarioSize64Probes32WeightedWalkB,299,2317393341493435360,1.0,1.0,0.0,32,468,0.447
ScenarioSize64Probes32WeightedWalkB,300,4066160913880139597,1.0,1.0,0.0,32,495,0.4475
